,search_name,name,acc_name,id
58,Achim Jürgen Post,The Washington Post,washingtonpost,2754610
59,Achim Jürgen Post,Post United,postunited,2972897324
60,Achim Jürgen Post,New York Post,nypost,225193095
61,Achim Jürgen Post,The Jerusalem Post,thejerusalem_post,474857542
62,Achim Jürgen Post,PostSecret,postsecret,572220796
63,Achim Jürgen Post,Quinten Post,quintenpost_,3033694721
64,Achim Jürgen Post,POST ARCHIVE FACTION (PAF),postarchivefaction,3579407134
65,Achim Jürgen Post,National Post,nationalpost,1697666
66,Achim Jürgen Post,Post Cereals,post_cereals,6983606644
67,Achim Jürgen Post,Un Posto Al Sole Rai,unpostoalsolerai3,6551842933
68,Achim Jürgen Post,Extra Posty,extraposty,58758313672
69,Achim Jürgen Post,STANISLAVA POSTNOVA,ruby.tear,214977695
70,Achim Jürgen Post,Max Posternak,gravitytransformation,412235736
71,Achim Jürgen Post,"Achim Post, MdB",achim_p,1979223691
72,Achim Jürgen Post,US Postal Service,uspostalservice,47302898
73,Achim Jürgen Post,The Palm Beach Post,pbpost,253559757
74,Achim Jürgen Post,Paperless Post,paperlesspost,32300645
75,Achim Jürgen Post,The Guam Daily Post,postguam,1757596491
76,Achim Jürgen Post,POSTCARD CABINS,postcardcabins,1984934447
77,Achim Jürgen Post,Jason Poston,jasonposton,30110648
78,Achim Jürgen Post,New York Post Sports,nypostsports,65817562746
79,Achim Jürgen Post,Australia Post,auspost,2167460
80,Achim Jürgen Post,Арина Постникова,arishavalerievna,278945469
81,Achim Jürgen Post,Tasha | Postpartum Weightloss,natashapehrson,189596697
82,Achim Jürgen Post,,postmalone,1432609192
83,Achim Jürgen Post,Ata Postek,atapostek,528636470
84,Achim Jürgen Post,Bespoke Post,bespokepost,214721170
85,Achim Jürgen Post,The Post Oak Hotel,postoakuptown,3132911222
86,Adis Ahmetovic,Adis Ahmetovic,adis.a93,25699539826
87,Albert Stegemann,Albert Stegemann,albert.stegemann,25376883363
88,Alexander Bartz,Alexander Bartz,bundesbartz,45486851663
89,Alexander Engelhard,Alexander Engelhard,alexander_engelhard_csu,48111005815
90,Alexander Engelhard,Alexander Engelhardt,alex.engelhardt,3679960301
91,Alexander Graf Lambsdorff,Alexander Graf Lambsdorff,alexandergraflambsdorff,5760876068
92,Alexander Hoffmann,Alexander Hoffmann,alexander.hoffmannmdb,5708286586
93,Alexander Hoffmann,Alexander Hoffmann,lxhoffmann,1558234338
94,Alexander Müller,Alexander Müller,alexmueller_original,713140268
95,Alexander Paul Föhr,Alexander Föhr,alexander.foehr,6541576732
96,Alexander Paul Föhr,Fohr,fohr.co,194435262
97,Alexander Paul Föhr,Tobias Fohrler,tobiasfohrler,46587717
98,Ana-Maria Trăsnea,Ana-Maria Trăsnea,amtrasnea,26039470493
99,Ana-Maria Trăsnea,Adela Trasnea 🇨🇦,at.narcisa,7418113518
100,Andrea Lindholz,Andrea Lindholz,andrea.lindholz,4852355566
101,Andreas Audretsch,Andreas Audretsch,andreasaudretsch,469893070
102,Andreas Bleck,"Andreas Bleck, MdB",andreasbleckmdb,42531002287
103,Andreas Jung,Andreas Jung,andreasjung.kn,42820935020
104,Andreas Larem,Andreas Larem MdB,andreas.larem,42546842440
105,Andreas Lenz,Andreas Lenz,andreas.lenz.bundestag,2007850860
106,Andreas Mehltretter,Andreas Mehltretter,andreasmehltretter,5441790855
107,Andreas Rimkus,Andreas Rimkus,rimkusandreas,3220353201
108,Andreas Schwarz,Andreas Schwarz | Gründer von HigherMind,andreas.schwarz.official,2092340050
109,Andreas Schwarz,Andreas Schwarz,andreas.schwarz.mdl,6941126571
110,Andreas Schwarz,Andreas Schwarz,andreas.schwarz.mdb,6773979151
111,André Berghegger,André Berghegger,andre.berghegger,40631783105
112,Anette Kramme,Anette Kramme,anettekramme,5618885318
113,Angelika Glöckner,Taylor Glockner,taylor_glockner,1770432802
114,Angelika Glöckner,Glöckner von Notre Dame,gloecknervonnotredame,4982189506
115,Anikó Merten,Anikó Glogowski-Merten,aniko_teamwunderkerze,31719567654
116,Anja Liebert,Anja Liebert,anjas_ideen,8650842664
117,Anja Schulz,Anja Schulz,anja_schulz_liberal,47603660574
118,Anke Hennig,Anke Hennig,ankehennig_bramsche,11170429380
119,Anna Kristina Lührmann,Anna Lührmann,annaluehrmann,39212617058
120,Anna Kristina Lührmann,Baz Luhrmann,bazluhrmann,3652876788
121,Anna Kristina Lührmann,Lilly Luhrmann,lillyluhrmann,356769060
122,Anne Janssen,Anne Janssen,anne_janssen_26,45403842644
123,Anne König,Anne König,annekoenig_,7808310269
124,Antje Tillmann,Antje Tillmann,antje_tillmann,45966588973
125,Ariane Fäscher,Ariane Fäscher,ariane_faescher,44796382360
126,Armand Zorn,Armand Zorn,armand_zorn,354098041
127,Armin Jürgen Grau,João do Grau,joaodograu,2948955421
128,Armin Jürgen Grau,Cleitin Mil Graus,cleitinmilgraus,56127568895
129,Armin Jürgen Grau,Palmas Mil Grau,palmasmilgrau,311760301
130,Armin Jürgen Grau,Itaim Mil Grau,itaimmilgrau,4791490778
131,Armin Jürgen Grau,Danielzinho Grau,danielzinhograu,472226363
132,Armin Laschet,Armin Laschet,armin_laschet,4852192933
133,Armin Schwarz,Armin Schwarz,armin_schwarz_cdu,23415335263
134,Artur Auernhammer,Artur Auernhammer,arturauernhammer,8635142535
135,Astrid Damerow,Astrid Damerow MdB,astrid_damerow,48309762605
136,Astrid Mannes,Astrid Mannes,astrid.mannes.mdb,34682182742
137,Ates Nils Gürpinar,Ates Gürpinar,atesgurpinar,5732099709
138,Ates Nils Gürpinar,"Doç.Dr. Berk Gürpınar, MD",docdr.berkgurpinar,50511016100
139,Ates Nils Gürpinar,İkbal Gürpınar,ikbalgurpinar,216748026
140,Axel Helmut Schäfer,Hunter,hunterschafer,292275809
141,Axel Helmut Schäfer,Axel Schäfer,axel.schaefer.mdb,18385924339
142,Axel Helmut Schäfer,Tanner Schafer,tanner___schafer,6340532453
143,Axel Helmut Schäfer,Micaela Schäfer,micaela.schaefer.official,1647655138
144,Axel Helmut Schäfer,Solane Schafer | Advogada,sollschafer,4209752459
145,Axel Helmut Schäfer,Julia Schäfer,tschulique,199636155
146,Axel Helmut Schäfer,Fabio Schäfer,f2theabio,454783065
147,Axel Helmut Schäfer,Gustav Schäfer,gustavschaefer,1939345354
148,Axel Helmut Schäfer,Adam Schafer,mindpumpadam,217690499
149,Axel Helmut Schäfer,Seth Schafer,seththetailor,18625808
150,Axel Helmut Schäfer,Bodo Schäfer,bodoschaefer,1649572063
151,Axel Karl Müller,Thomas Müller,esmuellert,1385244246
152,Axel Karl Müller,Shana Müller,shanamullergaucha,20113145
153,Axel Karl Müller,Bic Müller,bicmuller,3970449
154,Axel Karl Müller,ema müller,emamuller,695423926
155,Axel Karl Müller,Laura Muller,lauramulleroficial,43064740
156,Axel Karl Müller,Adriana Müller,adrianamullerofc,597847077
157,Axel Karl Müller,Nikki Müller,nikkimullerfly,8865655
158,Axel Karl Müller,Pete Muller,pete_k_muller,301565939
159,Axel Karl Müller,Thiago Muller David,thiagomuller,19126740
160,Axel Karl Müller,Len Muller,lennie.muller,1550951640
161,Axel Karl Müller,Virginie Duby-Muller,vir.dubymuller,2067908576
162,Axel Karl Müller,Christiane Schaumburg-Müller Aaxman,christianesm,184432000
163,Axel Karl Müller,Nils Müller,onetouchnilsone,332713927
164,Axel Karl Müller,Sepp Müller,sepp.mueller_mdb,6339288647
165,Axel Karl Müller,Monique Muller,moniquemullerofficial,403342317
166,Axel Karl Müller,Nelson Müller,nelsonmueller,3970820158
167,Axel Karl Müller,DJ Aaron Müller,dj_aaron_mallorca,9153494146
168,Axel Karl Müller,Marçal Müller,marcalmuller544,299847543
169,Axel Karl Müller,Victoria Müller,victoriamueller,215368543
170,Axel Karl Müller,Eduardo Muller🇧🇷🇵🇹,eduardomulleroficial,1037329196
171,Axel Karl Müller,Titi Müller,titimuller_,176516674
172,Axel Karl Müller,Niklas Müller,nikbert.meddl,2308083924
173,Axel Karl Müller,Müller Bento,mullerbento,319978769
174,Axel Karl Müller,Lindiwe S. Müller-Westernhagen,lindiwesuttle,260331358
175,Axel Karl Müller,Tainá Müller,tainamuller,17090124
176,Axel Karl Müller,Sabine Hartmann-Müller,shartmannmueller,5536155357
177,Axel Karl Müller,Müller Deutschland,mueller_deutschland,2113900433
178,Axel Karl Müller,Camila Müller,atletacamilamuller,1349933441
179,Axel Knoerig,Axel Knoerig MdB,axelknoerig,14252617694
180,Beate Müller-Gemmeke,Beate Müller-Gemmeke,gruenebeate,17119943994
181,Beatrix Storch,Beatrix von Storch,beatrix.von.storch,5443965097
182,Benjamin Strasser,Benjamin Strasser,bstrasser,178360704
183,Bernd Ferdinand Rützel,"Bernd Rützel, MdB",bernd_ruetzel,33958100503
184,Bernd Reuther,"Bernd Reuther, MdB",reutherbernd,5866809226
185,Bernhard Herrmann,"Bernhard Herrmann, Mitglied des Bundestages",bernhard_herrmann_,46254373148
186,Bettina Müller,Bettina Müller,betmueller,5499326551
187,Björn Manuel Simon,Simon Nattanael,callejerofino,1984496560
188,Björn Manuel Simon,Manuel Gonzalez Simon,manugonzalez_18,1422267290
189,Björn Manuel Simon,AINA SIMON,aina.simon,222165682
190,Björn Manuel Simon,Simon,simoncastaldi,274357161
191,Björn Manuel Simon,Simone Pillon,simone_pillon,866369817
192,Björn Manuel Simon,Simon Cowell,simoncowell,2954057484
193,Björn Manuel Simon,B. Simone,thebsimone,1409624523
194,Björn Manuel Simon,Laura Simón,laura__simon,1742220700
195,Björn Manuel Simon,Simona Guatieri,simonaguatieri,42806979
196,Björn Manuel Simon,Simon Berger,simonberger.art,6112301254
197,Björn Manuel Simon,Anahit Simonyan,anahitsimonyan,144442249
198,Björn Manuel Simon,Simona Nainė,simutee,18462395
199,Björn Manuel Simon,Andres Simon,lasrecetasdesimon,12011579633
200,Björn Manuel Simon,Simon Grossmann,simongrossmann,145114524
201,Björn Manuel Simon,Alan Simone,alan.simone,2298680401
202,Björn Manuel Simon,SIMON & THE STARS,simonandthestars,363467689
203,Björn Manuel Simon,Simon / GamerBrother,gamerbr0ther,1836445802
204,Björn Manuel Simon,SIMONE CAPORALE ™️,simonecaporale_,1416539776
205,Björn Manuel Simon,Simone Biles,simonebiles,181949187
206,Björn Manuel Simon,Dr. Simon Iyore Guobadia,iamsimonguobadia,244320544
207,Björn Manuel Simon,Xavi Simons,xavisimons,590247770
208,Björn Manuel Simon,Simona Gherghe | TV HOST,simgherghe,265450303
209,Björn Manuel Simon,Simon Hanselmann,simon.hanselmann,1717847514
210,Boris Mijatović,MdB Boris Mijatovic,boris.mijatovic,5812282908
211,Bruno Hönel,Bruno Hönel,bruno.hoenel,5558660387
212,Bruno Hönel,Constanze Schonewille-Hönel,constanzeschonewille,58940902955
213,Bärbel Bas,Bärbel Bas,bundestagspraesidentin,56817584420
214,Bärbel Bas,Bärbel Bas Duisburg,baerbelbas,2060899754
215,Bärbel Bas,Bastille,bastilledan,23089864
216,Bärbel Bas,jon bass,thejonbass,35521525
217,Bärbel Bas,Bipasha Basu,bipashabasu,187048239
218,Bärbel Bas,LSU Women's Basketball,lsuwbkb,381558712
219,Bärbel Bas,Carolina Basketball,unc_basketball,242512672
220,Bärbel Bas,UCF Men's Basketball 🌴,ucf.mbb,257175204
221,Bärbel Bas,USC Women's Basketball (WBB),uscwbb,421691309
222,Bärbel Bas,Maya / plant-based food and recipes,fitgreenmind,10175092967
223,Bärbel Bas,PascalMachalani باسكال مشعلاني,pascalab,298237277
224,Bärbel Bas,USF Men's Basketball,usfmbb,699357901
225,Bärbel Bas,Arapahoe Basin Ski Area,arapahoe_basin,204733758
226,Bärbel Bas,USC Men's Basketball,uschoops,1936735106
227,Bärbel Bas,Based Bodyworks,basedbodyworks,55661705615
228,Bärbel Bas,Michigan Men's Basketball,umichbball,2265994788
229,Bärbel Bas,bassike,bassike,10872464
230,Bärbel Bas,Iowa Women's Basketball,iowawbb,1222855560
231,Bärbel Bas,Bassma Boussil,bassmaboussel,226951295
232,Bärbel Bas,Illinois Men's Basketball,illinimbb,1980459922
233,Bärbel Bas,Gabrielle Camille Basiano,gabriellebasiano,1010444697
234,Bärbel Bas,Unrivaled Basketball,unrivaledbasketball,9295840868
235,Bärbel Bas,Kentucky Women's Basketball,kentuckywbb,181461296
236,Bärbel Kofler,Bärbel Kofler,baerbelkofler,10007479797
237,Canan Bayram,Canan Bayram,lieblingxhain,5354211755
238,Cansel Kiziltepe,Cansel Kiziltepe,canselkiziltepe,271860340
239,Carina Konrad,Carina Konrad,ca.konrad,2164103294
240,Carl-Julius Cronenberg,Carl-Julius Cronenberg MdB,cjcronenberg,20167922078
241,Carlos Kasper,Carlos Kasper,car.los.kasper,45757165859
242,Carmen Wegge,Carmen Wegge,carmenwegge,8946126681
243,Carolin Wagner,Carolin Wagner,carolinwagner.in,44580185730
244,Carsten Brodesser,Dr. Carsten Brodesser,carsten.brodesser,5742831103
245,Carsten Dietmar Träger,Carsten Träger,carstentraeger,4475590718
246,Carsten Dietmar Träger,Hannah Trager,hannahtrager,34470844
247,Carsten Körber,Carsten Körber - MdB,carsten.koerber,45885642952
248,Carsten Körber,Kevin Körber,herrkoerber,2657629
249,Carsten Müller,Carsten Müller,car.mueller,8287765078
250,Carsten Schneider,Carsten Schneider,schneidercar_spd,4703498677
251,Carsten Schneider,Ostbeauftragter Carsten Schneider,ostbeauftragter.schneider,56135639994
252,Cem Özdemir,Cem Özdemir,cem.oezdemir,3505294052
253,Christian Bartelt,Christian Bartelt,christian_bartelt_mdb,60550653119
254,Christian Dürr,Christian Dürr,christianduerr,4182427586
255,Christian Görke,Christian Görke,christiangoerke62,4161573525
256,Christian Görke,Görkem Karman,gorkemkarman,26485847
257,Christian Görke,Görkem Han Işık,gorkemhanisik,58707778172
258,Christian Görke,Ersin Görkem,ersingorkem_,49740808642
259,Christian Görke,Görkem Şahin,gorkemsahinofficiall,7461504123
260,Christian Görke,Görkem Çetinalp,ruzgarligunlervegeceler,27703544
261,Christian Görke,Op. Dr. Görkem Dündar,dr.gorkemdundar,41132806184
262,Christian Görke,𝐆𝐎̈𝐑𝐊𝐄𝐌 𝐀𝐋𝐓𝐈𝐍𝐓𝐀𝐒̧,gorkemaltintas47,6094883315
263,Christian Haase,Christian Haase,christianhaasemdb,12539685077
264,Christian Haase,Christian W. Haase,cwhaase,3566097203
265,Christian Hirte,Christian Hirte,christianhirtemdb,26478366683
266,Christian Jung,Christian Jungwirth,chris_the_kelt_mma,5777268904
267,Christian Jung,Christian Jung,christianjungmdl,3311922416
268,Christian Petry,Christian Petry,christianpetrymdb,26242506362
269,Christiane Schenderlein,Christiane Schenderlein,christiane_schenderlein,4325227760
270,Christina-Johanne Schröder,Christina-Johanne Schröder,cijay_schroeder,6256327934
271,Christina-Johanne Schröder,Paul Schroder,texaspaulschroder,52515319891
272,Christina-Johanne Schröder,Jeannine Schröder,lil_fil_,3304205247
273,Christina-Johanne Schröder,Faith Schroder,faithschroder,17992761
274,Christina-Johanne Schröder,Kristen Schroder,ourdarlingchaos,1182671638
275,Christina-Johanne Schröder,Anne Schröder,anne.schroeder,229625588
276,Christina-Johanne Schröder,Ellen Schröder,_ellen_schroeder,7298987609
277,Christina-Johanne Schröder,Juliet Schroder,julietschroder,8217351
278,Christina-Johanne Schröder,Dennis Schröder,ds17_fg,306626904
279,Christina-Johanne Schröder,Christina Schrøder,stinella,441267
280,Christina-Johanne Schröder,Igli Schröder,igli_schroeder,1511640406
281,Christina-Johanne Schröder,Rodrigo Schröder,rodrigoschroder,183222457
282,Christina-Johanne Schröder,Justin Schröder,tiefundton,1710688732
283,Christina-Johanne Schröder,Herr Schröder - Lehrer & Comedian,herrschroeder_korrekturensohn,4341567534
284,Christina-Johanne Schröder,NIK SCHRÖDER,nik_schroeder,4358451054
285,Christina-Johanne Schröder,Soyeon Schröder-Kim,soyeonschroederkim,4225585674
286,Christoph Hoffmann,Christoph Hoffmann,_christoph_hoffmann_,1652144495
287,Christoph Hoffmann,,christoph.hoffmann.mdb,7020693143
288,Christos Pantazis,Dr. Christos Pantazis MdB,dr.christos.pantazis,423681676
289,Clara Anne Bünger,Clara Bünger,clara.buenger,38896022042
290,Clara Anne Bünger,Enno Bunger,ennobunger,550433253
291,Clara Anne Bünger,Diana Bünger,dianabuenger,629627143
292,Clara Anne Bünger,Martin Bünger,martinbuenger,2124841660
293,Claudia Heike Müller,Thomas Müller,esmuellert,1385244246
294,Claudia Heike Müller,Muller de oliveira,milianooficial,1524499235
295,Claudia Heike Müller,𝖬𝗂𝗋𝖺 𝖬𝗎̈𝗅𝗅𝖾𝗋-𝖲𝗍𝖾𝗂𝗇𝗆𝖺𝗇𝗇,miraaams,256833676
296,Claudia Heike Müller,Alexia Núñez Müller-Roger,alexianunezm,203729842
297,Claudia Heike Müller,Lisa Müller,lisa.mueller.official,4478894372
298,Claudia Heike Müller,Milene Müller,milenemullerr,598607953
299,Claudia Heike Müller,ANDREAS,muller_andreas,290515059
300,Claudia Heike Müller,Muller carine,la_vie_de_tata_carine,246636404
301,Claudia Heike Müller,Franziska Müller,nohi.loves.eli,790672699
302,Claudia Heike Müller,Nicolas Müller,nicolas.muller_,431123129
303,Claudia Heike Müller,Adam Muller,adam.muller,1577042835
304,Claudia Heike Müller,Aurelien Muller,aurelien_muller_official,447890684
305,Claudia Heike Müller,Chris Muller,chris_muller32,18674252
306,Claudia Heike Müller,Muller Ingrid Roxana,muller_ingrid_roxana,39467599538
307,Claudia Heike Müller,Laura Müller,lauramuellerofficial,2047293413
308,Claudia Moll,Claudia Moll,claudia_moll_,7892125690
309,Claudia Moll,Claudia Molla,mollaclaudia,4138578461
310,Claudia Raffelhüschen,Claudia Raffelhüschen MdB,claudiaraffelhueschen,7911188414
311,Corinna Martina Rüffer,Corinna Rüffer MdB,crueffer_mdb,45120736359
312,Corinna Martina Rüffer,Marcela Ruffer,manufaktur_ruffer,7954104213
313,Cornelia Möhring,Wotan Wilke Möhring,wotanwilke,4895112899
314,Cornelia Möhring,Sönke Möhring,soenkemoehring_official,2177442309
315,Dagmar Schmidt,Dagmar Schmidt,dieschmidt,233042091
316,Daniel Baldy,Daniel Baldy,baldy.daniel,356704123
317,Daniel Rinkert,Daniel Rinkert,danielrinkert,243717388
318,Daniel Wolfgang Föst,Sutton Foster,suttonlenore,7070097
319,Daniel Wolfgang Föst,Özgür Daniel Foster,ozgurfoster,203342800
320,Daniel Wolfgang Föst,Sara Foster,sarafoster,1303330575
321,Daniel Wolfgang Föst,Foster The People,fosterthepeople,359123910
322,Daniel Wolfgang Föst,Jamie Finn,fosterthefamilyblog,3180917865
323,Daniel Wolfgang Föst,Daniel Föst,dfoest,1477778477
324,Daniel Wolfgang Föst,David Foster,davidfoster,202401878
325,Daniel Wolfgang Föst,Erin Foster,erinfoster,1132312304
326,Daniel Wolfgang Föst,Benjamin Anthony Foster,benfosters,2209643715
327,Daniel Wolfgang Föst,Jordan Foster,jordiefos,1031042100
328,Daniel Wolfgang Föst,Chanita Foster,chanitafoster,232077043
329,Daniel Wolfgang Föst,Erin Berger,erins_fosters,9168252659
330,Daniel Wolfgang Föst,Crystal Jade Foster,littlemissloon,1468915031
331,Daniel Wolfgang Föst,Mark Foster,markfoster,336752183
332,Daniel Wolfgang Föst,Norman Robert Foster,officialnormanfoster,4536641995
333,Daniel Wolfgang Föst,The Fosters,thefosterstv,1267744392
334,Daniel Wolfgang Föst,Katharine McPhee Foster,katharinefoster,13355809
335,Daniel Wolfgang Föst,O'shaquie “icewater” Foster,shockfoster,7659770224
336,Daniel Wolfgang Föst,Jon Foster,jonfoster,10511648
337,Daniel Wolfgang Föst,Kobe Hernandez-Foster,kobehernandezz,541966265
338,Daniel Wolfgang Föst,Bliss Foster,blissfoster,261125966
339,Daniel Wolfgang Föst,Lyle Foster,lyle.foster17,69608323306
340,Daniel Wolfgang Föst,Tyon Grant Foster,tyongrantfoster,475496424
341,Daniel Wolfgang Föst,Kat Foster,iamkatfoster,1572910313
342,Daniela Ludwig,"Daniela Ludwig, MdB",daniludwigmdb,19452308020
343,Deborah Saskia Düring,Deborah Düring,debbie.duering,12515157490
344,Deborah Saskia Düring,Jenny During,jennyduringg,7109797012
345,Denise Loop,Denise Loop,denise.loop,3430631695
346,Dennis Rohde,Dennis Rohde,dennis_rohde,1565962376
347,Derya Türk-Nachbaur,Derya Türk-Nachbaur,deryatuerknachbaur,5991650340
348,Detlef Müller,Thomas Müller,esmuellert,1385244246
349,Detlef Müller,Detlef Müller,muellerchemnitz,5462587890
350,Detlef Müller,Theo Müller,theofmueller,2104833153
351,Detlef Seif,Detlef Seif,detlefseifmdb,44111047475
352,Diana Iris Stöcker,CLARA STOCKER 🌻mental health❤️‍🩹,clara_stocker,8242516040
353,Diana Iris Stöcker,Diana Stöcker MdB,stoecker.diana,45157664412
354,Diana Iris Stöcker,Gustavo Stocker,gustavostocker,52147441890
355,Diana Iris Stöcker,Frank Stocker,prince_of_swabia,486096066
356,Diana Iris Stöcker,David Stocker,iamdavidstocker,48518054
357,Dirk Vöpel,Dirk Vöpel MdB,dirk.voepel,46366954555
358,Dirk Wiese,Dirk Wiese,dirkwiesespd,3227284870
359,Dorothee Gisela Renate Maria Bär,Maria Bartiromo,mariabartiromo,37217916
360,Dorothee Gisela Renate Maria Bär,spencer e barbosa✨🦋💕🧸,spencer.barbosa,297216199
361,Dorothee Gisela Renate Maria Bär,Kourtney Kardashian Barker,kourtneykardash,145821237
362,Dorothee Gisela Renate Maria Bär,FC Barcelona,fcbarcelona,260375673
363,Dorothee Gisela Renate Maria Bär,Barack Obama,barackobama,10206720
364,Dorothee Gisela Renate Maria Bär,Nate Bargatze,natebargatze,329821808
365,Dorothee Gisela Renate Maria Bär,Saffron Barker ♡,saffronbarker,203329857
366,Dorothee Gisela Renate Maria Bär,travisbarker,travisbarker,14198415
367,Dorothee Gisela Renate Maria Bär,Carl Barât,carlbarat78,145315066
368,Dorothee Gisela Renate Maria Bär,Jessica Barth🎗️🎗️🎗️,iamjessicabarth,203304858
369,Dorothee Gisela Renate Maria Bär,AMB | Anne-Marie Barton,annemariebarton,533479350
370,Dorothee Gisela Renate Maria Bär,Tezza,tezza.barton,8996759
371,Dorothee Gisela Renate Maria Bär,Bar Refaeli,barrefaeli,19113152
372,Dorothee Gisela Renate Maria Bär,Roseanne Barr,officialroseannebarr,1555315529
373,Dorothee Gisela Renate Maria Bär,Jordan Bardella,jordanbardella,2030441376
374,Dorothee Gisela Renate Maria Bär,Bar Zomer,barzomer,381824923
375,Dorothee Gisela Renate Maria Bär,Jordan Barrett,iblamejordan,632252537
376,Dorothee Gisela Renate Maria Bär,Dr. Carla Barber - Antiaging,dr.carlabarber,179319108
377,Dorothee Gisela Renate Maria Bär,Ben Barnes,benbarnes,1584109496
378,Dorothee Gisela Renate Maria Bär,Barstool Sports,barstoolsports,260462810
379,Dorothee Gisela Renate Maria Bär,Mario Balotelli Barwuah 🇬🇭+🇮🇹=⚽️,mb459,1246537958
380,Dorothee Gisela Renate Maria Bär,Doina Barbaneagra,itsdoina,800074336
381,Dorothee Gisela Renate Maria Bär,Neil Barrett,neilbarrett,8269021
382,Dorothee Gisela Renate Maria Bär,KPU Provinsi Jawa Barat,kpuprovinsijabar,3160745023
383,Dorothee Gisela Renate Maria Bär,Melissa Barrera,melissabarreram,34346726
384,Dorothee Gisela Renate Maria Bär,Barbados Today,barbadostoday,1581338393
385,Dorothee Gisela Renate Maria Bär,Luisinha Barosa Oliveira,luisinhaoliveira99,1299276917
386,Dorothee Gisela Renate Maria Bär,Max Barskih | Макс Барських,max_barskih,1546483793
387,Dorothee Gisela Renate Maria Bär,Wanderlei Barbosa,wanderlei__barbosa,2935678944
388,Ekin Deligöz,Ekin Deligöz,ekin_deligoez,5795313913
389,Ekin Deligöz,Bigutay Deligöz,bigutaydeligoz,333292951
390,Elisabeth Kaiser,Elisabeth Kaiser,elisabeth_kaiser_th,3231914424
391,Emmi Zeulner,Emmi Zeulner,emmi_zeulner,13806269697
392,Enrico Komning,Enrico Komning,enricokomningmdb,25613338390
393,Erhard Grundl,"Erhard Grundl, MdB",erhard.grundl,6947467266
394,Erich Irlstorfer,Erich Irlstorfer,irlstorfer.mdb,34990419166
395,Erik Malottki,Erik von Malottki,erikvonmalottki,6220578318
396,Erwin Josef Rüddel,Erwin Rüddel,erwin_rueddel,1797711846
397,Esther Dilcher,"Esther Dilcher, MdB",estherdilcher,7878464296
398,Fabian Funke,Fabian Funke,fabianfunke.spd,47435708876
399,Felix Banaszak,Felix Banaszak,fbanaszak,849717318
400,Felix Maximilian Döring,Paula Döringer,paula_doeringer,296145884
401,Felix Maximilian Döring,DORIN GALBEN,galbendorin,2267495232
402,Felix Maximilian Döring,Amanda Döring🌈,amanda_doring,523628210
403,Felix Maximilian Döring,Felix Döring,doering.felix,10198925838
404,Felix Maximilian Döring,Do Amore Rings,doamore,50108352
405,Felix Maximilian Döring,Michelle Doringo,mishelddd__,378049857
406,Felix Maximilian Döring,Patricia Viktoria Franziska Döring,pati.soulpositionparadise,7006367585
407,Felix Schreiner,Felix Schreiner,felixschreiner,2042249544
408,Filiz Polat,Filiz Polat,filiz.polat.mdb,8423491283
409,Florian Matthias Müller,Thomas Müller,esmuellert,1385244246
410,Florian Matthias Müller,Muller de oliveira,milianooficial,1524499235
411,Florian Matthias Müller,𝖬𝗂𝗋𝖺 𝖬𝗎̈𝗅𝗅𝖾𝗋-𝖲𝗍𝖾𝗂𝗇𝗆𝖺𝗇𝗇,miraaams,256833676
412,Florian Matthias Müller,Alexia Núñez Müller-Roger,alexianunezm,203729842
413,Florian Matthias Müller,Lisa Müller,lisa.mueller.official,4478894372
414,Florian Matthias Müller,Milene Müller,milenemullerr,598607953
415,Florian Matthias Müller,ANDREAS,muller_andreas,290515059
416,Florian Matthias Müller,Muller carine,la_vie_de_tata_carine,246636404
417,Florian Matthias Müller,Franziska Müller,nohi.loves.eli,790672699
418,Florian Matthias Müller,Nicolas Müller,nicolas.muller_,431123129
419,Florian Matthias Müller,Adam Muller,adam.muller,1577042835
420,Florian Matthias Müller,Florian Müller,flomueller_22,268877809
421,Florian Matthias Müller,Aurelien Muller,aurelien_muller_official,447890684
422,Florian Matthias Müller,Chris Muller,chris_muller32,18674252
423,Florian Oßner,Florian Oßner MdB,florian_ossner,3103042507
424,Frank Müller-Rosentritt,Frank Müller-Rosentritt MdB,muellerrosentritt,8247143916
425,Frank Schwabe,Frank Schwabe,frank.schwabe,1945423779
426,Frank Ullrich,Frank Ullrich,frank.ullrich.biathlon,6581955160
427,Frank Uwe Schäffler,Frank Schäffler MdB,f_schaeffler,5540808143
428,Frank Uwe Schäffler,Manuel Schäffler,m.cheffe9,518057116
429,Franziska Kersten,"Dr. Franziska Kersten, MdB",franziskakersten,26794878792
430,Friedhelm Günter Boginski,Friedhelm Boginski,friedhelmboginski,50327226064
431,Fritz Güntzler,Fritz Güntzler,fguentzler,727669561
432,Gabriela Heinrich,Gabriela Heinrich,gabriela_heinrich,9524494388
433,Georg Kippels,Georg Kippels,georgkippels,3969169746
434,Gerald Ullrich,Gerald Ullrich,gerald.ullrich,6551486877
435,Gesine Lötzsch,Dr. Gesine Lötzsch,gesine.loetzsch,4691575374
436,Gitta Connemann,Gitta Connemann,gittaconnemann,6969663881
437,Gottfried Hermann Gröhe,Hermann Gröhe,hermann.groehe,44338237257
438,Gottfried Hermann Gröhe,GROHE,grohe_us,1593221027
439,Gottfried Hermann Gröhe,Online Shop GROHE Armenia,shop.grohe.am,67214799643
440,Gottfried Hermann Gröhe,GROHE,grohe_global,5506661620
441,Gottfried Hermann Gröhe,Sophia Groher,fabuluxe_s,1584514376
442,Gottfried Hermann Gröhe,Grohe DACH,grohe_de,48064461122
443,Gottfried Hermann Gröhe,Сантехника Grohe в Ташкенте,grohe_monobrand,23095703167
444,Gottfried Hermann Gröhe,GROHE Sverige,grohe_sverige,31497160206
445,Gottfried Hermann Gröhe,GROHE Italia,grohe_it,39306020422
446,Gottfried Hermann Gröhe,GROHE Uzbekistan Official,groheuzbekistan,44956193305
447,Gottfried Hermann Gröhe,Marcelo Grohe,marcelogrohe1oficial,2092916619
448,Gottfried Hermann Gröhe,GROHE MENA,grohemena,3013570828
449,Gottfried Hermann Gröhe,GROHE France,grohe_fr,12851357869
450,Gottfried Hermann Gröhe,GROHE UK,grohe_uk,6005586191
451,Gottfried Hermann Gröhe,GROHE Polska🚿,grohe_polska,6993548275
452,Gregor Gysi,Gregor Gysi,gregorgysi,10894345546
453,Gunther Krichbaum,Gunther Krichbaum,gunther_krichbaum,33466958440
454,Gyde Jensen-Bornhöft,Lukas Bornhøft Jensen,lukas.jensen,288592123
455,Gyde Jensen-Bornhöft,JACOB BORNHOFT,b0rnhoft,3188838649
456,Gökay Akbulut,Gökay Akbulut,g.akbulut_mdb,5181226682
457,Götz Frömming,"Dr. Götz Frömming, MdB",goetzfroemming,1781756903
458,Gülistan Yüksel,Gülistan Yüksel,guelistan.yueksel,40639118603
459,Gülistan Yüksel,Yağmur Yüksel ♡,yagmryuksell,4608504079
460,Günter Krings,Günter Krings,guenterkrings,41556961269
461,Günter Krings,Allie Krings,alliekrings,275908475
462,Günter Krings,✰Laurin Krings✰,laurin.krings,1944247741
463,Hakan Demir,Hakan Demir,hakan.demir.tkdm,12049093741
464,Hakan Demir,Hakan Demir,hakandemirnk,14933920893
465,Hakan Demir,Hakan demir,demirkuyumculukmardin,14732001194
466,Hanna Steinmüller,Hanna Steinmüller,hanna_steinmueller,10613268362
467,Hannes Gnauck,Hannes Gnauck,hannesgnauck,2986602052
468,Hans-Jürgen Thies,Hans-Jürgen Thies,hans_juergen.thies,43529049595
469,Hans-Jürgen Thies,Tim Thies,timthies,624197487
470,Hans-Jürgen Thies,Thiessa,thiessita,21715956
471,Hans-Peter Friedrich,Hans-Peter Friedrich MdB,hanspeter.friedrich,4274489252
472,Hans-Rüdiger Lucassen,Lucas de Souza | Sensitivo,lucas.tarotcigano,54311236228
473,Hans-Rüdiger Lucassen,Lucas Sena | Leilão de Imóveis,lucassena.adv,55009970444
474,Hans-Rüdiger Lucassen,Boyd Lucassen,boyd_2,1089830340
475,Hansjörg Durz,SEAN DURZI,seandurzi,2113811022
476,Hansjörg Durz,Alexandra DurZu,durzu.nutriologa.fit,1560068533
477,Hansjörg Durz,Durzello,durzello_oficial,54036209787
478,Hansjörg Durz,Hansjoerg Durz,hansjoerg_durz,832916278
479,Harald Ebner,Harald Ebner,harald_ebner_mdb,11861505502
480,Heidi Reichinnek,Heidi Reichinnek,heidireichinnek,7095896367
481,Heike Engelhardt,Heike Engelhardt,heike.engelhardt,5930022612
482,Heike Heubach,Heike Heubach,heikeheubachspd,25558874733
483,Herbert Wollmann,Herbert Wollmann,herbert.wollmann,40154784387
484,Hermann Färber,Hermann Färber,hermannfaerber,48175389930
485,Hermann Färber,Sasha Farber,sashafarber1,544852980
486,Hermann Färber,Dana-Farber Cancer Institute,danafarber,675489112
487,Holger Becker,Dr. Holger Becker,dr_holger_becker,47443171495
488,Holger Mann,Holger Mann,holgermannle,8037713889
489,Hubert Wilhelm Hüppe,Isabelle Huppert,isabelle.huppert,4365577492
490,Hubert Wilhelm Hüppe,Hubert Hüppe MdB,huberthueppe,5576578069
491,Hubert Wilhelm Hüppe,Vanessa Huppenkothen,vanehupp,296066503
492,Hubert Wilhelm Hüppe,Lucas Huppert,lucashuppert,431500628
493,Ingeborg Gabriele Gräßle,Chuck Grassley,senatorchuckgrassley,1590431527
494,Ingeborg Gabriele Gräßle,Dr. Inge Gräßle MdB,inge.graessle,43445054097
495,Ingeborg Gabriele Gräßle,Grass League,grassleague,62783544614
496,Ingo Schäfer,Ingo Schäfer,ingo.schaefer.nrw,40045537389
497,Irene Mihalic,Irene Mihalic,irene.mihalic,5480454651
498,Jakob Blankenburg,Jakob Blankenburg,jakob.blankenburg,18075557
499,Jamila Anna Schäfer,Jamila Schäfer,jamila_anna,1323465370
500,Jamila Anna Schäfer,Micaela Schäfer,micaela.schaefer.official,1647655138
501,Jamila Anna Schäfer,Gustav Schäfer,gustavschaefer,1939345354
502,Jamila Anna Schäfer,Hunter,hunterschafer,292275809
503,Jamila Anna Schäfer,Fabio Schäfer,f2theabio,454783065
504,Jamila Anna Schäfer,Julia Schäfer - 𝗝𝘂𝗹𝘇 𝗝𝗼𝘂𝗿𝗻𝗲𝘆,julz_journey_,5995460797
505,Jamila Anna Schäfer,LAURA SCHÄFER,lauralamode,27467321
506,Jamila Anna Schäfer,Pauline Schäfer-Betz 🤸🏽‍♀️,pauline_schaefer,501716047
507,Jamila Anna Schäfer,Robbie Florian Schäfer,pilot.robbie,3057999820
508,Jamila Anna Schäfer,Tanner Schafer,tanner___schafer,6340532453
509,Jamila Anna Schäfer,Adam Schafer,mindpumpadam,217690499
510,Jamila Anna Schäfer,Julia Schäfer,tschulique,199636155
511,Jamila Anna Schäfer,Solane Schafer | Advogada,sollschafer,4209752459
512,Jamila Anna Schäfer,Bodo Schäfer,bodoschaefer,1649572063
513,Jamila Anna Schäfer,Anna A Schafer,annaaschafer,231136910
514,Jamila Anna Schäfer,Patrick Schäfer,patrickschfr,186828266
515,Jamila Anna Schäfer,Bärbel Schäfer,diebaerbelschaefer,6238190958
516,Jan Korte,Jan Korte,jankorte77,7122982261
517,Jan Korte,Jan Korteland,jancees.korteland,272171610
518,Jan Metzler,Jan Metzler,jan.metzler,2344097858
519,Jana Schimke,Jana Schimke,janaschimke,5835512403
520,Jens Beeck,Jens Beeck,jensbeeck,6934713279
521,Jens Beeck,Jennifer Beck,savedbydesign.tn,8286331371
522,Jens Beeck,Jenny Beck,jenny_beck_soul,56511208442
523,Jens Brandenburg,Jens Brandenburg MdB,jens.brandenburg,6983468385
524,Jens Koeppen,Jens Koeppen,jens_koeppen,4627928411
525,Jens Lehmann,Jens Lehmann,jenslehmann.leipzig,5516536026
526,Jens Lehmann,,jenslehmannofficial,1441391587
527,Jens Peick,Jens Peick,jenspeick,3840001183
528,Jens Peick,Jen,feisty_pickles,11302653
529,Jens Teutrine,Jens Teutrine,jensteutrine,442654187
530,Jens Zimmermann,Jens Zimmermann,jenszspd,233044406
531,Jessica Rosenthal,Jessica Rosenthal,jessi_rosenthal,8617071587
532,Joe Weingarten,Dr. Joe Weingarten,joe_weingarten,29046658743
533,Johann Saathoff,Johann Saathoff,j.saathoff,1645786336
534,Johannes Arlt,Johannes Arlt,johannes_arlt,3541272226
535,Johannes Fechner,Johannes Fechner,fechnerjohannes,9064623265
536,Johannes Schraps,Johannes Schraps,johannes.schraps,4765086435
537,Johannes Schätzl,Johannes Schätzl MdB,johannesschaetzl,30076050871
538,Johannes Vogel,Johannes Vogel,johannesvogel,268959986
539,Johannes Wagner,Johannes Wagner,hannes4future,43931601850
540,Josef Oster,Josef Oster,josef_oster,4482287967
541,Josef Rief,Josef Rief MdB,josefrief,31345357793
542,Josip Juratovic,Josip Juratovic MdB,josip.mdb,36423729900
543,Julia Klöckner,Julia Klöckner (she/her),juliakloeckner,1680122188
544,Julian Simon Grünke,Ethan Grunkemeyer,egrunk21,4311945652
545,Julian Simon Grünke,Julian Grünke MdB,juliangruenke,285706609
546,Jürgen Berghahn,Denise Berghahn | Neurociência e Desenv. Humano,denisec.berghahn,59802416307
547,Jürgen Coße,Jürgen Coße,juergencosse,1453165636
548,Jürgen Coße,Carolina Cosse,cossecarolina,8249886516
549,Jürgen Coße,Paula Cossenzo,paula.cossenzo,42754919
550,Jürgen Friedrich Braun,Braun,braun_global,1732472120
551,Jürgen Friedrich Braun,Daniel Braun,_danielbraun,449601774
552,Jürgen Friedrich Braun,Braun Portugal,braun_pt,47563932229
553,Jürgen Friedrich Braun,Jessica Braun,itsjessicabraun,23140534
554,Jürgen Friedrich Braun,Melina Braun,hejmelig,7899875013
555,Jürgen Friedrich Braun,BraunUS,braun_us,12638927194
556,Jürgen Friedrich Braun,Isabelle Brauneis,isabelle.denise,819904040
557,Jürgen Friedrich Braun,Amalia Braunsthal 👋,amaliabrauns,254196459
558,Jürgen Friedrich Braun,Eintracht Braunschweig,eintrachtbraunschweig1895,378365294
559,Jürgen Friedrich Braun,Yaël Braun-Pivet,yael.braunpivet,11114100576
560,Jürgen Friedrich Braun,Braun Arabia,braunarabia,1040804038
561,Jürgen Hans Pohl,Chris Pohl,blutengel_official_chrispohl,4230539483
562,Jürgen Hans Pohl,Avery Pohl,averypohl,3470373474
563,Jürgen Hans Pohl,𝔻𝕒𝕚𝕒𝕟𝕖 ℙ𝕠𝕙𝕝𝕞𝕒𝕟𝕟,daipohlmann,307052721
564,Jürgen Hans Pohl,Leon Pöhls,leonpohls,8663081047
565,Jürgen Hans Pohl,☾ RACHEL POHL // Mountain Art + Adventure,rachel.pohl,198585309
566,Jürgen Hans Pohl,Eric Pohlkamp,ericpohlkamp23,1523351458
567,Jürgen Hans Pohl,Cervejaria Pohlmann - Pub Zona Sul,cervejariapohlmann,3874386982
568,Jürgen Hans Pohl,Pedro Pohlmann | perfumesdopedro,perfumesdopedro,8910389714
569,Jürgen Hans Pohl,Nathalie Pohl,pohlnathalie,14701130026
570,Jürgen Hans Pohl,Cameron Pohl,campohltattoos,28796312
571,Jürgen Hardt,Jürgen Hardt,juergenhardt_mdb,1951783942
572,Jürgen Kretz,Jürgen Kretz,juergen.kretz,35128735388
573,Jürgen Lenders,Jürgen Lenders MdB,juergenlenders,39237521453
574,Jürgen Lenders,Lender’s Bagels,lendersbagels,47345830882
575,Kai Gehring,Kai Gehring,kai.gehring,3164479101
576,Karamba Diaby,Dr. Karamba Diaby,drkarambadiaby,5766863168
577,Karl Bär,Karl Bär,karl.baer,8327497734
578,Karl Bär,Carl Barât,carlbarat78,145315066
579,Karl Bär,Carl Barron,carlbarron_official,6270775866
580,Karl Bär,Hôtel Barrière Le Carl Gustaf,hotelbarrierelecarlgustaf,4211872727
581,Karl Bär,Dr. Carla Barber - Antiaging,dr.carlabarber,179319108
582,Karl Bär,Karlie Barge,journey_with_zepbound,67277996690
583,Karl Bär,Carla Restoy-Barrero,carlarestoy,229402402
584,Karlheinz Busen,Karlheinz Busen,karlheinz.busen,5665186677
585,Karsten Hilse,Karsten Hilse,karstenhilse,4750799282
586,Karsten Klein,Karsten Klein MdB,klein.karsten,6030361852
587,Kassem Taher Saleh,Kassem Taher Saleh,kassem.tahersaleh,1744650217
588,Katharina Dröge,Katharina Dröge,katharina.droege,5279629070
589,Katharina Dröge,dm-drogerie markt Deutschland,dm_deutschland,46518078
590,Katharina Dröge,dm drogerie markt Italia,dm_italia,45531391419
591,Katharina Willkomm,Katharina Willkomm,katharina.willkomm,8193830150
592,Kathrin Henneberger,Kathrin Henneberger,kathrin.henneberger,10478498626
593,Katja Adler,Katja Adler,katj_ad,1952937802
594,Katja Hessel,Katja Hessel,hesselkatja,4921551640
595,Katja Keul,Katja Keul,katjakeul,48975501605
596,Katja Kipping,Katja Kipping,katja.kipping,5653588362
597,Katrin Budde,Katrin Budde,katrin_budde,34134916588
598,Katrin Göring-Eckardt,Katrin Göring-Eckardt,goeringeckardt,3308251140
599,Katrin Göring-Eckardt,Dylan Eckardt,dylaneckardt,44212272895
600,Katrin Göring-Eckardt,Manuel Eckardt,manueleckardt,1741202583
601,Katrin Göring-Eckardt,Samara Eckardt,samaraeckardt,54038469261
602,Katrin Göring-Eckardt,Rene Eckardt,eckbo90,506413140
603,Katrin Staffler,Katrin Staffler,katrinstaffler.mdb,4529351889
604,Katrin Zschau,Katrin Zschau,katrin.zschau,44363187110
605,Kaweh Mansoori,Kaweh Mansoori,kawehmansoori,9168223695
606,Kay Gottschalk,Kay Gottschalk,kay.gottschalk.mdb.111,8303609557
607,Kerstin Griese,Kerstin Griese MdB,kerstingriese,5703417422
608,Kerstin Vieregge,Kerstin Vieregge,kerstinvieregge,1742100551
609,Kevin Kühnert,Kevin Kühnert,kuehnikev,4874333927
610,Kevin Leiser,Kevin Leiser,kevinleiserhohenlohe,43884959834
611,Klaus Mack,Klaus Mack,_klausmack_,38254517950
612,Klaus Wiener,Klaus Wiener MdB,klauswienercdu,47886667405
613,Klaus Wiener,Klaus Wienert,wienertklaus,10382156954
614,Konstantin Notz,Konstantin v. Notz,konstantinnotz,49274397
615,Kristian Klinck,Kristian Klinck,kristian_klinck_spd,47591760405
616,Kristine Lütke,Kristine Lütke MdB,kristine_lutke,219933269
617,Kristine Lütke,Niklas Lütkecosmann 🦷,niklas_lc,573049698
618,Lamya Kaddor,Lamya Kaddor,lamyakaddor,8421097217
619,Lars Castellucci,Lars Castellucci,larscastellucci,1828548671
620,Lars Klingbeil,Lars Klingbeil 🇪🇺,larsklingbeil,21282900
621,Lars Lindemann,Lars F. Lindemann,lflindemann,50117113849
622,Lars Rohwer,Lars Rohwer,lars.rohwer.politik,48129305415
623,Lena Werner,Lena Werner (she/her),thereallenzii,225125264
624,Leon Eckert,Leon Eckert,leckert_,1929307396
625,Lina Seitzl,Lina Seitzl,lina_seitzl,501624001
626,Linda Heitmann,Linda Heitmann,linda.altona,47149205712
627,Luise Amtsberg,Luise Amtsberg,amtsbergluise,4108991059
628,Luiza Licina-Bode,"Luiza Licina-Bode, MdB",luizalicinabode,7477373673
629,Lukas Benner,Lukas Benner,benner_lukas,925215643
630,Macit Karaahmetoǧlu,Macit Karaahmetoglu MdB,macit.spd,1562299605
631,Macit Karaahmetoǧlu,Bayram Karaahmetoğlu,bayram_karaahmetoglu,393346460
632,Macit Karaahmetoǧlu,Uzm. Psk. Berat KARAAHMETOĞLU,psikologberatkaraahmetoglu,38917179426
633,Macit Karaahmetoǧlu,Hisar Çiftliği (Serkan Karaahmetoglu),serkankaraahmetoglu,32501545986
634,Mahmut Özdemir,Mehmet Özdemir,mehmet_ozdemir1,1582734352
635,Mahmut Özdemir,Mahmut Özdemir,oezdemir.spd,4613292530
636,Mahmut Özdemir,Mehmet Özdemirkol,_ozdemirkol,46822428565
637,Mahmut Özdemir,Mahmut Özdemir,ruscaders.online,4625043803
638,Mahmut Özdemir,Doç. Dr. Mahmut Özdemir,drmahmutozdemir,11927993357
639,Malte Kaufmann,Dr. Malte Kaufmann MdB,malte.kaufmann,4168951075
640,Manuel Gava,Manuel Gava,manuelosna,6343402477
641,Manuel Höferlin,Manuel Höferlin,manuelhoeferlin,198820012
642,Marc Henrichmann,Marc Henrichmann,marc_henrichmann,272805177
643,Marcel Emmerich,Marcel Emmerich,herr_emmerich,39496418
644,Marco Buschmann,Marco Buschmann,marcobuschmann,252138922
645,Marcus Faber,Marcus Faber,marcusfaberfdp,8044111945
646,Maria-Lena Weiss,Maria-Lena Weiss MdB,marialenaweiss,3613905810
647,Mariana Iris Harder-Kühnel,Mariana Harder Kühnel,mariana_harder_kuehnel,23334380079
648,Mariana Iris Harder-Kühnel,Tim Kühnel,timkuehnel,26823984
649,Mariana Iris Harder-Kühnel,Joel Kuhnel,joelkuhnel,209114100
650,Mariana Iris Harder-Kühnel,Meik Kühnel,meik_knl,494332089
651,Marianne Schieder,Marianne Schieder,marianneschieder,44232035969
652,Marie-Agnes Strack-Zimmermann,Marie-Agnes Strack-Zimmermann,strackzimmermann,4131419620
653,Mario Brandenburg,"Mario Brandenburg, MdB",mario.brandenburg,4201930374
654,Mario Czaja,Mario Czaja,mario_czaja,10857051384
655,Marja-Liisa Völlers,Marja-Liisa Völlers,marjavoellers,1548179343
656,Mark Helfrich,Mark Helfrich,mark.helfrich.cdu,26285105508
657,Markus Grübel,Markus Grübel MdB,markus.gruebel,10850869066
658,Markus Klaus Hümpfer,Markus Hümpfer,markushuempfer,3112987524
659,Markus Kurth,Markus Kurth,markuskurthmdb,32491758186
660,Markus Reichel,Dr. Markus Reichel MdB,markus.reichel.cdu,45469466471
661,Markus Töns,Markus Töns,markustoens,7006185606
662,Markus Töns,Lars Tönsfeuerborn,larstoensfeuerborn,224368382
663,Markus Töns,Tonstartssbandht,tonstartssbandht,4473490817
664,Marlene Edeltraud Schönberger,Marlene Schönberger,lime_green_leni,500328055
665,Marlene Edeltraud Schönberger,Schönberger Sebastian,schonberger_sebastian,380061288
666,Marlene Edeltraud Schönberger,Kilian Schönberger,kilianschoenberger,967580434
667,Marlene Edeltraud Schönberger,Stephanie Schönberger,stephanie.schoenberger,2033639034
668,Marlon Bröhr,Marlon Bröhr,marlonbroehr,22028114903
669,Martin Diedenhofen,Martin Diedenhofen,martindiedenhofen,4025541065
670,Martin Kröber,Martin Kröber,martinkroeber,45466835029
671,Martin Plum,Martin Plum,martin.plum.cdu,48065931382
672,Martin Reichardt,Martin Reichardt,martin.reichardt.afd,7377193511
673,Martin Rosemann,Martin Rosemann,rosemannm,4087299859
674,Matthias Gastel,Matthias Gastel,gastelmatthias,9900536627
675,Matthias Hauer,Matthias Hauer,matthias.hauer.mdb,8723985455
676,Matthias Helferich,Matthias Helferich,matthiashelferichafd,13275413417
677,Matthias Miersch,Matthias Miersch,matthiasmiersch,22733844868
678,Max Lucks,Max Lucks,max_lks,922489179
679,Maximilian Rick Mörseburg,Maximilian Mörseburg,0711max,206452944
680,Mechthild Heil,Mechthild Heil,mechthild_heil,3209297739
681,Melanie Bernstein,Melanie Bernstein,mela.bernstein,54123477
682,Melis Sekmen,Melis Sekmen,melis_sekmen,3875262222
683,Metin Hakverdi,Metin Hakverdi,metin.hakverdi,4465356373
684,Michael Breilmann,Michael Breilmann,mbreilmann,5823390262
685,Michael Donth,Michael Donth,michaeldonthmdb,18127394055
686,Michael Donth,Michael O'Neal,iamcashes_the_don,46357283
687,Michael Frieser,Michael Frieser,michael_frieser,4212312912
688,Michael Georg Link,Michael Georg Link (Heilbronn),michael_g_link,49153416090
689,Michael Gerdes,"Michael Gerdes, MdB",michaelgerdesmdb,47620833118
690,Michael Grosse-Brömer,M. Grosse-Brömer,michaelgrossebroemer,9268042345
691,Michael Günther Meister,Diego Meister,diegomeister041,262106024
692,Michael Günther Meister,Scheila Meister,scheila.meister,1434782402
693,Michael Günther Meister,Ben Meister,ben.meister,1658097397
694,Michael Hennrich,Michael Hennrich,hennrichmichael.mdb,14023872662
695,Michael Karl Brand,"Karl lagerfeld , DKNY , Michael kors , CK",theoutletsofbrands,1170863716
696,Michael Kellner,Michael Kellner,mi.kellner,17678102370
697,Michael Kießling,Michael Kießling,michael.kiessling.mdb,4781944461
698,Michael Kruse,"Michael Kruse, MdB🗽",michael.kruse.75,1531675293
699,Michael Roth,Michael Roth,michael.roth.mdb,8131775858
700,Michael Roth,Michael Roth,michael.roth.art,59383369367
701,Michelle-Jasmin Gabriele Müntefering,"Michelle Müntefering, SPD",michellemuentefering,3056225129
702,Misbah Khan,Misbah Khan,misbah.s.khan,2859934566
703,Monika Grütters,Prof. Monika Grütters,monikagruetters.cdu,57156206399
704,Monika Grütters,Dr Maren Grütters & Team | Hypnose und Coaching,metime_zurueck_zu_dir,49742728768
705,Muhanad Al-Halak,"Muhanad Al-Halak, MdB",al_halak_m,2358492291
706,Nadine Ruf,Nadine Ruf,ruf_nadine_ruf,4484052998
707,Nadine Ruf,Nadine Ruffin,officialhihat,330282382
708,Nadine Schön,Nadine Schön MdB,schoenunterwegs,5725164116
709,Nadja Sthamer,Nadja Sthamer,nadja_sthamer,3589700902
710,Natalie Pawlik,Natalie Pawlik,natalie.pawlik,2219440142
711,Nico Tippelt,Nico Tippelt | Mitglied des Bundestages,nicotippelt,2461627846
712,Nicole Höchst,Nicole Höchst MdB,hoechstnicole,8375257769
713,Nicole Höchst,Dr. Leonard Hochstein,dr.hochstein,1442553268
714,Nicole Höchst,Lisa Hochstein 🌎 Lisa's World,lisahochstein,192285614
715,Nicole Höchst,Dr Joe Hochstein | Fat loss coach for dads,thedrjoefit_,1424228036
716,Nicole Höchst,Johnny Hochstetler / JHawk,johnnyhochstetler,1562931882
717,Niels Annen,Niels Annen,nielsannen,4196974054
718,Niklas Wagener,Niklas Wagener,niklaswagener,7570938371
719,Nils Jan Gründer,Nils Gründer,nilsgruender,424311214
720,Nils Jan Gründer,HANNA KRISTENSEN,grunder.hannaa,38988909652
721,Nils Jan Gründer,Daniel Sentker | Lichtblock Gründer & Chiropra...,daniel.sentker,1784995159
722,Nils Jan Gründer,Silje |Gründer & Investor,siljelandevag,43160502
723,Nina Scheer,Dr. Nina Scheer,ninascheer_spd,44929456859
724,Nina Stahr,Nina Stahr,nina.stahr,25604897550
725,Norbert Alois Röttgen,Norbert Röttgen,norbert_roettgen,30483350520
726,Norbert Kleinwächter,Norbert Kleinwächter,norbert.kleinwaechter,6323086460
727,Olaf Scholz,Olaf Scholz,olafscholz,29734347
728,Olaf Scholz,Olaf Scholz,bundeskanzler,50513856245
729,Oliver Kaczmarek,Oliver Kaczmarek,kaczmarekoliver,22430167
730,Oliver Krischer,Oliver Krischer,oliver_krischer,5489120720
731,Oliver Luksic,"Oliver Luksic, MdB",olliluksic,3069325254
732,Oliver Vogt,Oliver Vogt,olivervogt.de,13150127203
733,Omid Nouripour,Omid Nouripour,nouripour,317118428
734,Otto Fricke,Otto Fricke,otto_fricke,10881510208
735,Parsa Marvi,Parsa Marvi,parsa.marvi,3237892266
736,Pascal Meiser,Pascal Meiser,pascal.meiser.36,9841082681
737,Patricia Lips,Patricia Lips MdB,patricia.lips.mdb,47731082111
738,Patrick Schnieder,Patrick Schnieder,pschnieder,1432721043
739,Patrick Schnieder,Patrick Schneider,pa.sch92,241886109
740,Patrick Schnieder,Patrick Schneider,opatrickschneider,1462184358
741,Paul Ziemiak,Paul Ziemiak,paulziemiak,4922315017
742,Peggy Schierenbeck,Peggy Schierenbeck,peggy.ist.da,41919263431
743,Peter Aumer,Peter Aumer,pete_aum,1417270425
744,Peter Beyer,Peter Beyer MdB,peterbeyerbundestag,3694961988
745,Peter Felser,Peter Felser,peter_felser,38552528656
746,Peter Heidt,Peter Heidt,advocatopeter,1138650019
747,Peter Ramsauer,Peter Ramsauer,dr._peter_ramsauer,9695544933
748,Petr Bystron,Petr Bystron,petr.bystron,7528766628
749,Petra Nicolaisen,Petra Nicolaisen,nicolaisenpetra,12832694114
750,Petra Sitte,Petra Sitte,petra_sitte_mdb,3113830555
751,Philip Krämer,Philip Krämer,philip.kraemer,4847336781
752,Philip Krämer,Hadassa Braz Kramer,hadassabrazprado,1352428743
753,Philip Krämer,GRACIE KRAMER,gracie.kramer,288211264
754,Philipp Amthor,Philipp Amthor MdB,philipp.amthor,5370294456
755,Rainer Michael Müller,Thomas Müller,esmuellert,1385244246
756,Rainer Michael Müller,Michael Muller,michaelmuller7,8421757
757,Rainer Michael Müller,Muller de oliveira,milianooficial,1524499235
758,Rainer Michael Müller,𝖬𝗂𝗋𝖺 𝖬𝗎̈𝗅𝗅𝖾𝗋-𝖲𝗍𝖾𝗂𝗇𝗆𝖺𝗇𝗇,miraaams,256833676
759,Rainer Michael Müller,Alexia Núñez Müller-Roger,alexianunezm,203729842
760,Rainer Michael Müller,Michael Müller,michaelmueller.berlin,6779167202
761,Rainer Michael Müller,Lisa Müller,lisa.mueller.official,4478894372
762,Rainer Michael Müller,Milene Müller,milenemullerr,598607953
763,Rainer Michael Müller,ANDREAS,muller_andreas,290515059
764,Rainer Michael Müller,Muller carine,la_vie_de_tata_carine,246636404
765,Rainer Michael Müller,Franziska Müller,nohi.loves.eli,790672699
766,Rainer Michael Müller,Nicolas Müller,nicolas.muller_,431123129
767,Rainer Michael Müller,Adam Muller,adam.muller,1577042835
768,Rainer Michael Müller,Aurelien Muller,aurelien_muller_official,447890684
769,Rainer Michael Müller,Chris Muller,chris_muller32,18674252
770,Rainer Semet,Rainer Semet MdB,rainersemet,35651015632
771,Ralf Stegner,Ralf Stegner,stegner_smiles,13067878195
772,Ralph Brinkhaus,Ralph Brinkhaus,ralph_brinkhaus,5744318557
773,Ralph Edelhäußer,Ralph Edelhäußer,ralph_edelhaeusser,6123656421
774,Ralph Edelhäußer,Lisa Edelhäußer,entdeckerontour,11465211639
775,Rasha Nasr,Rasha Nasr,rasha_nasr,253480384
776,Rasha Nasr,Rasha Nasr,rashamahmoudnasr,44425417033
777,Rebecca Schamber,Rebecca Schamber,rebecca.schamber.spd,46431575279
778,Reem Alabali-Radovan,Reem Alabali-Radovan,reem.alabaliradovan,10869377976
779,Reinhard Brandl,Reinhard Brandl,reinhard.brandl,3669524284
780,Renata Alt,Renata Alt,renataalt_mdb,5935145865
781,Renate Elly Künast,Renate Künast,renatekuenast,40936538790
782,René Bochmann,Anton Bochmann,bbq_guide,33925164508
783,René Bochmann,Lack- und Karosserieservice Ronny u. Claudia B...,bochmann.lackundkarosserie,48873620108
784,René Springer,René Springer,springer_rene,6284951333
785,René Springer,George Springer,georgespringer,6316816805
786,René Springer,Jerry Springer,thejerryspringershow,344871186
787,René Springer,Charlise Springer,charlisespringer,18518722
788,René Springer,T.J. Springer,tjspringerwx,144334272
789,René Springer,Travina Springer,travinaspringer,197728459
790,René Springer,Jeremy Springer,jsprings8,104977398
791,René Springer,Jaden Springer †,jaden,971819297
792,René Springer,Springer Nature,springernature,2047620287
793,Ria Irmtraut Claudia Schröder,Paul Schroder,texaspaulschroder,52515319891
794,Ria Irmtraut Claudia Schröder,Jeannine Schröder,lil_fil_,3304205247
795,Ria Irmtraut Claudia Schröder,Ria Schröder,riaschrdr,2235128547
796,Ria Irmtraut Claudia Schröder,Faith Schroder,faithschroder,17992761
797,Ria Irmtraut Claudia Schröder,Kristen Schroder,ourdarlingchaos,1182671638
798,Ria Irmtraut Claudia Schröder,Anne Schröder,anne.schroeder,229625588
799,Ria Irmtraut Claudia Schröder,Ellen Schröder,_ellen_schroeder,7298987609
800,Ria Irmtraut Claudia Schröder,Juliet Schroder,julietschroder,8217351
801,Ria Irmtraut Claudia Schröder,Dennis Schröder,ds17_fg,306626904
802,Ria Irmtraut Claudia Schröder,Igli Schröder,igli_schroeder,1511640406
803,Ria Irmtraut Claudia Schröder,Rodrigo Schröder,rodrigoschroder,183222457
804,Ria Irmtraut Claudia Schröder,Justin Schröder,tiefundton,1710688732
805,Ria Irmtraut Claudia Schröder,Herr Schröder - Lehrer & Comedian,herrschroeder_korrekturensohn,4341567534
806,Ria Irmtraut Claudia Schröder,NIK SCHRÖDER,nik_schroeder,4358451054
807,Ricarda Lang,Ricarda Lang,ricardalang,1999401021
808,Rita Berta Schwarzelühr-Sutter,Rita Schwarzelühr-Sutter,rischwasu,4671575321
809,Rita Berta Schwarzelühr-Sutter,Kim De Sutter⠀⠀⠀⠀⠀,kimdesutter,197069345
810,Rita Berta Schwarzelühr-Sutter,Sutter Health,sutterhealth,2245558245
811,Rita Berta Schwarzelühr-Sutter,Trista Sutter,tristasutter,11281675
812,Rita Berta Schwarzelühr-Sutter,Ryan Sutter,ryansutter,218386963
813,Rita Berta Schwarzelühr-Sutter,Kurt Sutter,sutterink,3513665
814,Rita Berta Schwarzelühr-Sutter,Lexi Sutter,lexisutter,22863093
815,Rita Berta Schwarzelühr-Sutter,Sutter Home Winery Inc.,sutterhomewines,500415276
816,Rita Berta Schwarzelühr-Sutter,Petra De Sutter,pdsutter,5676232977
817,Rita Berta Schwarzelühr-Sutter,Anastasia Sutter,anastasiaabasovaofficial,469656506
818,Robert Habeck,Robert Habeck,robert.habeck,1999890393
819,Robin Mesarosch,Robin Mesarosch,mesarosch,469432169
820,Ruppert Fritz Johannes Stüwe,Ruppert Stüwe,stueweru,2337372633
821,Sabine Grützmacher,Sabine Grützmacher,sabine_gruetzmacher,7195292055
822,Sabine Poschmann,Sabine Poschmann,poschmannsabine,7114398833
823,Sahra Wagenknecht,Sahra Wagenknecht,sahra_wagenknecht,5730916706
824,Sahra Wagenknecht,Bündnis Sahra Wagenknecht - Vernunft und Gerec...,bsw.bund,62483301242
825,Saliha Aydan Özoğuz,Aydan Özoguz,aydanoezoguz,4742614883
826,Saliha Aydan Özoğuz,Gökhan Özoğuz,gokhanozoguz,6324237627
827,Saliha Aydan Özoğuz,Burç Özoğuz,burc_ozoguz,504275225
828,Sanae Abdi,Sanae Abdi,sanae_ccaa,25852744758
829,Sandra Detzer,Sandra Detzer,sandra_detzer,39725066852
830,Sandra Weeser,Sandra Weeser,sandra_weeser,1967973481
831,Sara Nanni,Sara Nanni,saranannni,6708921350
832,Sascha Müller,Sascha Müller,sascha_mller,279989261
833,Sascha Müller,Sascha Müller,saschamuellerwk245,1180903739
834,Sascha Müller,Sascha Müller,sascha.events,1101457240
835,Sascha Müller,Sascha Müller,mietkoch.mueller,33948984526
836,Sebastian Brehm,Sebastian Brehm,sebastianbrehmmdb,8717352537
837,Sebastian Fiedler,Sebastian Fiedler,fiedelseb,45714585496
838,Sebastian Fiedler,Dr. Sebastian Fiedler,zahnarztdrfiedler,11414534897
839,Sebastian Hartmann,Sebastian Hartmann,sebastianhartmann.spd,2292640393
840,Sebastian Jörg Roloff,Matt Roloff,mattroloff,186857043
841,Sebastian Jörg Roloff,Audrey Mirabella Roloff,audreyroloff,9230454
842,Sebastian Jörg Roloff,Tori Roloff,toriroloff,19806682
843,Sebastian Jörg Roloff,Roloff Farms,rolofffarms,2035817770
844,Sebastian Jörg Roloff,Jacob Roloff,jacobroloff45,208371579
845,Sebastian Jörg Roloff,Amy Roloff,amyjroloff,196664873
846,Sebastian Jörg Roloff,Jeremy James Roloff,jeremyroloff,952679
847,Sebastian Jörg Roloff,Zach Roloff,zroloff07,474308067
848,Sebastian Jörg Roloff,𝗦𝗲𝗯𝗮𝘀𝘁𝗶𝗮𝗻 𝗥𝗼𝗹𝗼𝗳𝗳,seb_roloff,6096816119
849,Sebastian Jörg Roloff,Vera Roloff,veraroloff,46115788
850,Sebastian Münzenmaier,Sebastian Münzenmaier,sebastian.muenzenmaier.afd,9124939594
851,Sebastian Schäfer,Sebastian Schäfer,sebastian_es_bt,45319426556
852,Sepp Müller,Sepp Müller,sepp.mueller_mdb,6339288647
853,Sepp Müller,Thomas Müller,esmuellert,1385244246
854,Sepp Müller,Lisa Müller,lisa.mueller.official,4478894372
855,Serap Güler,Serap Güler,sgueler,233922836
856,Sevim Dagdelen,Sevim Dagdelen,sevim_dagdelen_,7139217038
857,Siemtje Victoria Regine Ilse Santjer Möller,Siemtje Möller MdB,siemtje_moeller,6982812862
858,Siemtje Victoria Regine Ilse Santjer Möller,Joakim Möller,moller_joakim,2928273655
859,Siemtje Victoria Regine Ilse Santjer Möller,Casper Møller,cadiancs,356378514
860,Siemtje Victoria Regine Ilse Santjer Möller,Lisa Marie Möller,sternenhimmelliebe,44664550771
861,Siemtje Victoria Regine Ilse Santjer Möller,Leif Möller,leifmoeller,1529488276
862,Siemtje Victoria Regine Ilse Santjer Möller,KAMILLA MØLLER RASMUSSEN 🌸,_wobblybits_,3406360251
863,Siemtje Victoria Regine Ilse Santjer Möller,Aylen Moller,lexycadell,7473324013
864,Silke Launert,Silke Launert,silkelaunert,3065699636
865,Simona Koß,Simona Koß,kosssimona,45860015959
866,Simone Borchardt,"Simone Borchardt, MdB",simone.borchardt,43805295173
867,Stefan Gelbhaar,Stefan Gelbhaar,stefangelbhaar,247359807
868,Stefan Heck,Stefan Heck,stefanheck82,47969339937
869,Stefan Kaufmann,Stefan Kaufmann,stuttgartstefan,2989287963
870,Stefan Kaufmann,Stefan Kaufmann,die_kaufis,44679363997
871,Stefan Müller,Stefan Müller Cycling,stefan_mueller_cycling,3293239674
872,Stefan Müller,Stefan Müller,stefanmuellermdb,1688638343
873,Stefan Müller,Stefan Müller,muellerstefanfdp,8491493309
874,Stefan Nacke,Dr. Stefan Nacke,stefan.nacke,21539143055
875,Stefan Rouenhoff,Stefan Rouenhoff,stefanrouenhoff,9385612188
876,Stefan Schmidt,Stefan Schmidt,stefan_schmidt_mdb,44568923013
877,Stefan Schmidt,Stefan Schmidt,der_steps,450871786
878,Stefan Schwartze,Stefan Schwartze,stefan_schwartze,6640286888
879,Stefan Seidler,Stefan Seidler,stefan.seidler.ssw,8565913792
880,Stefan Zierke,Stefan Zierke,stefan_zierke,3635150759
881,Steffen Kotré,Steffen Kotré,steffenkotre,6259741940
882,Steffen Kotré,Steffen Korell,steffenkorell84,7569416731
883,Steffi Lemke,Steffi Lemke,lemke.steffi,4927405993
884,Stephan Mayer,Stephan Mayer,stephanmayercsu,52182024014
885,Stephan Protschka,Stephan Protschka,stephan.protschka.mdb,7285005795
886,Stephan Seiter,Stephan Seiter,stseiter,7490963514
887,Stephan Stracke,Stephan Stracke MdB,stephan_stracke_mdb,4505054144
888,Stephan Thomae,Stephan Thomae,stephanthomae,963694375
889,Susanne Ferschl,Susanne Ferschl,susanneferschl,14655468834
890,Susanne Hierl,Susanne Hierl,susanne.hierl,26334389008
891,Susanne Mittag,Susanne Mittag,susanne.mittag.mdb,44539093373
892,Sven Lehmann,Sven Lehmann,_svenlehmann_,1947461317
893,Svenja Schulze,Svenja Schulze,svenja.schulze.nrw,50527622489
894,Svenja Stadler,"Svenja Stadler, MdB",svenja.stadler,9757200719
895,Sylvia Lehmann,Sylvia Lehmann,lehmannspd,7440379759
896,Sönke Rix,Sönke Rix,rixsoenke,5928172096
897,Sönke Rix,Olly Rix,olly.rix,2918150737
898,Sönke Rix,RIXX,soyrix,173816251
899,Sönke Rix,RIX MorronZoo,rixmorronzoo,495307859
900,Sönke Rix,Rixos Borovoe Hotel,rixosborovoe,1402749629
901,Sönke Rix,RIX FM,rixfm,208769991
902,Sönke Rix,Rixos Water World Aktau,rixoswaterworldaktau,32890546324
903,Sören Bartol,Sören Bartol,soeren.bartol,7289355714
904,Sören Bartol,B Bartolome,bartoloome,46887316582
905,Sören Bartol,Pe. Thiago Bartoli,padrethiagobartoli,16421375470
906,Sören Bartol,Cecilia Bartoli,ceciliabartoli,45321992291
907,Sören Bartol,Devin Bartolotta,dbartolotta_tv,3715837336
908,Sören Bartol,Paul Bartolomé,paulbartolomemusic,1572811207
909,Sören Bartol,CHLOÉ BARTOLI,chloebartoli,5945560
910,Sören Bartol,Bartolo Colon,bcolon40,14832498467
911,Sören Pellmann,MdB Sören Pellmann,soerenpellmann,3538067218
912,Tabea Rößner,Tabea Rößner,tabearoessner,5500606723
913,Takis Mehmet Ali,Takis Mehmet Ali,takis_ma2021,1178428231
914,Thomas Bareiß,Thomas Bareiß,thomasbareiss,2330128913
915,Thomas Dietz,Thomas Dietz | Botschafter des Erzgebirges | AfD,dorpat2000,13074224048
916,Thomas Gebhart,Thomas Gebhart,thomas__gebhart,5879221973
917,Thomas Hacker,Thomas Hacker,hacker_thomas,3223039020
918,Thomas Hacker,Thomas Hackimer,hackattackimer,27183712
919,Thomas Hacker,Thomas Eduardo Hacker,het.jpg,28844263132
920,Thomas Heilmann,Thomas Heilman,thomas_heilman_,23385988560
921,Thomas Heilmann,Thomas Heilmann MdB,thomas_heilmann,3022008922
922,Thomas Hitschler,Thomas Hitschler,thomashitschler,52515963
923,Thomas Jarzombek,Thomas Jarzombek,thomas_jarzombek,388824864
924,Thomas Röwekamp,Thomas Röwekamp,thomas_roewekamp,48523104017
925,Thomas Silberhorn,Thomas Silberhorn,thomas.silberhorn,39173871239
926,Thorsten Frei,Thorsten Frei,thorsten.frei,8462773148
927,Thorsten Rudolph,thorsten rudolph,thortesworld,41329414
928,Thorsten Rudolph,Dr. Thorsten Rudolph,dr.thorsten.rudolph,18770114
929,Tim Klüssendorf,"Tim Klüssendorf, MdB",tim.kluessendorf,5567267928
930,Tim Wagner,Tom Wagner,tomwagnerofficial,61477371639
931,Tim Wagner,Tim Wagner,rollsolow,3146254276
932,Timon Gremmels,Timon Gremmels,gremmels,48836959
933,Tina Rudolph,Tina Rudolph,tina.rudolph.spd,12969101511
934,Tina Winklmann,Tina Winklmann,tina_winklmann,2163959852
935,Tino Chrupalla,Tino Chrupalla,chrupallatino,6436104528
936,Tino Sorge,Tino Sorge,tinosorge,277928490
937,Tobias Björn Bacherle,Tobias B. Bacherle,tbbacherle,3256493731
938,Tobias Björn Bacherle,Julia Bacherle,julias.food.life,3076010617
939,Tobias Lindner,Tobias Lindner,tobias.lindner.mdb,3632847593
940,Tobias Winkler,Tobias Winkler,tobiaswinklermdb,48180518229
941,Torsten Herbst,Torsten Herbst,herbsttorsten,3906188934
942,Udo Schiefner,Udo Schiefner,schiefnerudo,6107707521
943,Ulrich Lange,Ulrich Lange,ulrich.lange.mdb,43636168480
944,Ulrich Lechte,Ulrich Lechte,ulrichlechte,10364697301
945,Ulrike Harzer,Ulrike Harzer,ulrike_harzer,5679388353
946,Uwe Schmidt,"Uwe Schmidt, MdB",uweschmidt.mdb,45938368408
947,Uwe Schmidt,Uwe Schmidt,uwe_sport_fanatic84,14345275941
948,Volker Mayer-Lay,Volker Mayer-Lay,volkermayerlay,4370367422
949,Volker Münz,Muhammad munzir,muhammad_munzir_almusawa,4838191213
950,Volker Münz,Munzer Raai,munther_rai,402728041
951,Volker Münz,Luca Münzenberger,lucamuenzenberger,574479399
952,Volker Münz,Noelia Munz,la.munz,8456070531
953,Volker Wissing,Volker Wissing,volkerwissing,2772238228
954,Volkmar Klein,Volkmar Klein,volkmarklein,4419420298
955,Wilfried Oellers,Wilfried Oellers,wilfried.oellers,44329518763
956,Wolfgang Hellmich,Wolfgang Hellmich,wolfganghellmichspd,6019000709
957,Wolfgang Schäuble,Cassondra Schauble,hairbysassycassy,6917939524
958,Wolfgang Schäuble,Laura Schäuble • Tierfotografin & Coach • NRW,lauraschaeuble_fotografie,5782939328
959,Yannick Bury,Yannick Bury,yannickbury,233734004
960,Ye-One Rhie,Ye-One Rhie,yeone_rhie,4844770032
961,Yvonne Magwas,Yvonne Magwas,yvonne_magwas,1585088042
962,Zaklin Jadwiga Nastić,Żaklin Nastic,zaklinnastic,9237096486
963,Zaklin Jadwiga Nastić,Nastić Nataša,astrologijanatasa,10480911492
964,Zaklin Jadwiga Nastić,Mina Nastic Permanent Make Up,mina_nastic,427637622
965,Zaklin Jadwiga Nastić,Gimnàstic de Tarragona,nastictarragona,297336917
966,Zanda Martens,Zanda Martens,zanda.martens,29598743742
967,Zoe Mayer,Dr. Zoe Mayer,zoe.gruene,29834435565
