,name,acc_name,id
13,Achim Jürgen Post,achim_p,1979223691
28,Adis Ahmetovic,adis.a93,25699539826
29,Albert Stegemann,albert.stegemann,25376883363
30,Alexander Bartz,bundesbartz,45486851663
31,Alexander Engelhard,alexander_engelhard_csu,48111005815
32,Alexander Engelhard,alex.engelhardt,3679960301
33,Alexander Graf Lambsdorff,alexandergraflambsdorff,5760876068
34,Alexander Hoffmann,alexander.hoffmannmdb,5708286586
35,Alexander Hoffmann,lxhoffmann,1558234338
40,Ana-Maria Trăsnea,amtrasnea,26039470493
42,Andrea Lindholz,andrea.lindholz,4852355566
43,Andreas Audretsch,andreasaudretsch,469893070
44,Andreas Bleck,andreasbleckmdb,42531002287
45,Andreas Jung,andreasjung.kn,42820935020
46,Andreas Larem,andreas.larem,42546842440
47,Andreas Lenz,andreas.lenz.bundestag,2007850860
48,Andreas Mehltretter,andreasmehltretter,5441790855
49,Andreas Rimkus,rimkusandreas,3220353201
50,Andreas Schwarz,andreas.schwarz.official,2092340050
51,Andreas Schwarz,andreas.schwarz.mdl,6941126571
52,Andreas Schwarz,andreas.schwarz.mdb,6773979151
13,Andrej Konstantin Hunko,andrejhunko,4056305375
54,Anette Kramme,anettekramme,5618885318
57,Anikó Merten,aniko_teamwunderkerze,31719567654
58,Anja Liebert,anjas_ideen,8650842664
59,Anja Schulz,anja_schulz_liberal,47603660574
60,Anke Hennig,ankehennig_bramsche,11170429380
28,Annalena Charlotte Alma Baerbock,abaerbock,7012133944
64,Anne Janssen,anne_janssen_26,45403842644
65,Anne König,annekoenig_,7808310269
29,Anne Monika Spallek,aspallek,6254259652
30,Annette Widmann-Mauz,widmannmauz,7595057467
31,Annika Gisela Klose,annikloseberlin,3648280598
32,Ansgar Guido Karl Johannes Heveling,ansgar.heveling.mdb,24888367647
66,Antje Tillmann,antje_tillmann,45966588973
33,Anton Gerhard Hofreiter,toni_hofreiter,2162986305
34,Ariane Fäscher,ariane_faescher,44796382360
68,Armand Zorn,armand_zorn,354098041
74,Armin Laschet,armin_laschet,4852192933
75,Armin Schwarz,armin_schwarz_cdu,23415335263
76,Artur Auernhammer,arturauernhammer,8635142535
77,Astrid Damerow,astrid_damerow,48309762605
78,Astrid Mannes,astrid.mannes.mdb,34682182742
79,Ates Nils Gürpinar,atesgurpinar,5732099709
35,Awet Tesfaiesus,awettesfaiesus,37573887006
83,Axel Helmut Schäfer,axel.schaefer.mdb,18385924339
121,Axel Knoerig,axelknoerig,14252617694
122,Beate Müller-Gemmeke,gruenebeate,17119943994
123,Beatrix Storch,beatrix.von.storch,5443965097
124,Benjamin Strasser,bstrasser,178360704
40,Bernd Helmut Westphal,bestphal,21608316238
126,Bernd Reuther,reutherbernd,5866809226
42,Bernhard Daldrup,bernharddaldrup,6056725554
127,Bernhard Herrmann,bernhard_herrmann_,46254373148
43,Bernhard Siegfried Loos,loosbernhard,6291003038
44,Bettina Margarethe Wiesmann,bmwiesmann,19057821327
45,Bettina Martha Lieselotte Hoffmann,dr.bettina.hoffmann,8595548077
128,Bettina Müller,betmueller,5499326551
46,Bettina Stark-Watzinger,bettina.starkwatzinger,2072724745
47,Bijan Djir-Sarai,bijan_djirsarai_,5546636637
48,Björn Manuel Simon,bjoernsimon.mdb,17298629987
49,Boris Mijatović,boris.mijatovic,5812282908
50,Brian Nickholz,briannickholz,5390206908
52,Britta Maria Haßelmann,britta.tennis,5907487134
51,Britta Maria Haßelmann,britta.hasselmann,45936092066
153,Bruno Hönel,bruno.hoenel,5558660387
155,Bärbel Bas,bundestagspraesidentin,56817584420
54,Bärbel Kofler,gudrun_kofler,47280680622
179,Canan Bayram,lieblingxhain,5354211755
180,Cansel Kiziltepe,canselkiziltepe,271860340
59,Caren Nicole Lay,laurenmurray,1789505976
58,Caren Nicole Lay,mclaren,263754527
57,Caren Nicole Lay,unamamalatinaenparis,626274333
181,Carina Konrad,ca.konrad,2164103294
182,Carl-Julius Cronenberg,cjcronenberg,20167922078
183,Carlos Kasper,car.los.kasper,45757165859
184,Carmen Wegge,carmenwegge,8946126681
185,Carolin Wagner,carolinwagner.in,44580185730
186,Carsten Brodesser,carsten.brodesser,5742831103
60,Carsten Christoffer Linnemann,carsten_linnemann,4708420619
189,Carsten Körber,carsten.koerber,45885642952
191,Carsten Müller,car.mueller,8287765078
193,Carsten Schneider,ostbeauftragter.schneider,56135639994
192,Carsten Schneider,schneidercar_spd,4703498677
194,Cem Özdemir,cem.oezdemir,3505294052
64,Christian Alexander Stetten,christian_von_stetten,42381428481
195,Christian Bartelt,christian_bartelt_mdb,60550653119
66,Christian Dürr,iamadilkhandurrani,47597612354
65,Christian Dürr,christianduerr,4182427586
68,Christian Friedrich Wirth,dr.christian_wirth_mdb,457568590
197,Christian Görke,christiangoerke62,4161573525
206,Christian Haase,cwhaase,3566097203
205,Christian Haase,christianhaasemdb,12539685077
207,Christian Hirte,christianhirtemdb,26478366683
209,Christian Jung,christianjungmdl,3311922416
208,Christian Jung,chris_the_kelt_mma,5777268904
210,Christian Petry,christianpetrymdb,26242506362
211,Christiane Schenderlein,christiane_schenderlein,4325227760
212,Christina-Johanne Schröder,cijay_schroeder,6256327934
74,Christine Irene Aschenberg-Dugnus,aschenbergdugnus,4487746478
75,Christoph Bernhard Vries,christoph.devries.mdb,8376181066
76,Christoph Florian Schmid,christoph.schmid.alerheim,25981428907
228,Christoph Hoffmann,_christoph_hoffmann_,1652144495
77,Christoph Johannes Ploß,christophplossmdb,6359223147
78,Christoph Werner Meyer,meyer_fdp,5440696696
230,Christos Pantazis,dr.christos.pantazis,423681676
79,Clara Anne Bünger,clara.buenger,38896022042
83,Claudia Benedikta Roth,claudiaroth_official,44725101889
251,Claudia Moll,mollaclaudia,4138578461
250,Claudia Moll,claudia_moll_,7892125690
257,Dagmar Schmidt,dieschmidt,233042091
258,Daniel Baldy,baldy.daniel,356704123
259,Daniel Rinkert,danielrinkert,243717388
284,Daniela Ludwig,daniludwigmdb,19452308020
285,Deborah Saskia Düring,debbie.duering,12515157490
287,Denise Loop,denise.loop,3430631695
288,Dennis Rohde,dennis_rohde,1565962376
289,Derya Türk-Nachbaur,deryatuerknachbaur,5991650340
293,Detlef Seif,detlefseifmdb,44111047475
300,Dirk Wiese,dirkwiesespd,3227284870
121,Dorothee Gisela Renate Maria Bär,berta_dorothee_dorff,21889265142
122,Dorothee Katja Julia Martin,doromartin_hamburg,3307400391
123,Dunja Eleonore Angelika Kreiser,dunjakreiser,7049485130
124,Edgar Konrad Hartmut Franke,edgar.franke1,4345209919
126,Ekin Deligöz,ekin_deligoez,5795313913
127,Ekin Deligöz,bigutaydeligoz,333292951
332,Elisabeth Kaiser,elisabeth_kaiser_th,3231914424
128,Elisabeth Winkelmeier-Becker,elisabeth.winkelmeierbecker,46443979728
333,Emmi Zeulner,emmi_zeulner,13806269697
334,Enrico Komning,enricokomningmdb,25613338390
335,Erhard Grundl,erhard.grundl,6947467266
336,Erich Irlstorfer,irlstorfer.mdb,34990419166
337,Erik Malottki,erikvonmalottki,6220578318
338,Erwin Josef Rüddel,erwin_rueddel,1797711846
339,Esther Dilcher,estherdilcher,7878464296
340,Fabian Funke,fabianfunke.spd,47435708876
341,Felix Banaszak,fbanaszak,849717318
349,Felix Schreiner,felixschreiner,2042249544
350,Filiz Polat,filiz.polat.mdb,8423491283
365,Florian Oßner,florian_ossner,3103042507
367,Frank Schwabe,frank.schwabe,1945423779
368,Frank Ullrich,frank.ullrich.biathlon,6581955160
369,Frank Uwe Schäffler,f_schaeffler,5540808143
371,Franziska Kersten,franziskakersten,26794878792
372,Friedhelm Günter Boginski,friedhelmboginski,50327226064
374,Gabriela Heinrich,gabriela_heinrich,9524494388
375,Georg Kippels,georgkippels,3969169746
376,Gerald Ullrich,gerald.ullrich,6551486877
153,Gero Storjohann,gero_storjohann,18080675067
377,Gesine Lötzsch,gesine.loetzsch,4691575374
378,Gitta Connemann,gittaconnemann,6969663881
155,Gottfried Hermann Gröhe,hermann.groehe,44338237257
394,Gregor Gysi,gregorgysi,10894345546
395,Gunther Krichbaum,gunther_krichbaum,33466958440
398,Gökay Akbulut,g.akbulut_mdb,5181226682
399,Götz Frömming,goetzfroemming,1781756903
400,Gülistan Yüksel,guelistan.yueksel,40639118603
406,Hakan Demir,hakandemirnk,14933920893
405,Hakan Demir,hakan.demir.tkdm,12049093741
409,Hannes Gnauck,hannesgnauck,2986602052
179,Hans-Jürgen Thies,thiessita,21715956
180,Hans-Jürgen Thies,timthies,624197487
413,Hans-Peter Friedrich,hanspeter.friedrich,4274489252
181,Hans-Rüdiger Lucassen,lucas.tarotcigano,54311236228
183,Hans-Rüdiger Lucassen,lucassena,6869923648
184,Hans-Rüdiger Lucassen,boyd_2,1089830340
185,Hans-Rüdiger Lucassen,lucassena.adv,55009970444
182,Hans-Rüdiger Lucassen,senallucas,509536152
186,Hansjörg Durz,seandurzi,2113811022
189,Hansjörg Durz,durzu.nutriologa.fit,1560068533
421,Harald Ebner,harald_ebner_mdb,11861505502
422,Heidi Reichinnek,heidireichinnek,7095896367
423,Heike Engelhardt,heike.engelhardt,5930022612
424,Heike Heubach,heikeheubachspd,25558874733
191,Heike Martina Brehmer,heike_brehmer_mdb,28895703358
192,Heiko Josef Maas,maas.heiko,7589957615
193,Helge Frederik Lindh,helgelindh,5846445947
194,Helge Reinhold Braun,braunhelge,3001329694
195,Helge Stefan Limburg,helgelimburg,27932824385
197,Hendrik Hoppenstedt,hendrikhoppenstedt,9269522976
425,Herbert Wollmann,herbert.wollmann,40154784387
426,Hermann Färber,hermannfaerber,48175389930
429,Holger Becker,dr_holger_becker,47443171495
430,Holger Mann,holgermannle,8037713889
205,Ingeborg Gabriele Gräßle,senatorchuckgrassley,1590431527
206,Ingeborg Gabriele Gräßle,grassleague,62783544614
207,Ingeborg Gabriele Gräßle,inge.graessle,43445054097
208,Ingmar Ludwig Jung,ingmarjung,2110422482
209,Ingo Bodtke,ingobodtke,3320869908
210,Ingo Peter Wellenreuther,ingowellenreuther,4588842641
211,Ingo Schäfer,ingo.schaefer.nrw,40045537389
212,Ingrid Johanna Nestle,nestle.ingrid,47608975013
439,Irene Mihalic,irene.mihalic,5480454651
440,Jakob Blankenburg,jakob.blankenburg,18075557
458,Jan Korte,jankorte77,7122982261
459,Jan Korte,jancees.korteland,272171610
460,Jan Metzler,jan.metzler,2344097858
461,Jana Schimke,janaschimke,5835512403
228,Jasmina Hostert,jasminahostert,262515737
462,Jens Beeck,jensbeeck,6934713279
465,Jens Brandenburg,jens.brandenburg,6983468385
466,Jens Koeppen,jens_koeppen,4627928411
467,Jens Lehmann,jenslehmann.leipzig,5516536026
469,Jens Peick,jenspeick,3840001183
471,Jens Teutrine,jensteutrine,442654187
472,Jens Zimmermann,jenszspd,233044406
230,Jessica Nadine Tatti,jessica_tatti,8722728027
473,Jessica Rosenthal,jessi_rosenthal,8617071587
474,Joe Weingarten,joe_weingarten,29046658743
475,Johann Saathoff,j.saathoff,1645786336
476,Johannes Arlt,johannes_arlt,3541272226
477,Johannes Fechner,fechnerjohannes,9064623265
478,Johannes Schraps,johannes.schraps,4765086435
480,Johannes Vogel,johannesvogel,268959986
481,Johannes Wagner,hannes4future,43931601850
482,Josef Oster,josef_oster,4482287967
483,Josef Rief,josefrief,31345357793
484,Josip Juratovic,josip.mdb,36423729900
487,Julian Simon Grünke,juliangruenke,285706609
251,Jörn Harald König,haus_plan_b,55160433138
250,Jörn Harald König,katharinakoenig,185534334
258,Jürgen Coße,alisoncossenet,9971959
257,Jürgen Coße,paula.cossenzo,42754919
259,Jürgen Hans Pohl,averypohl,3470373474
514,Jürgen Kretz,juergen.kretz,35128735388
515,Jürgen Lenders,juergenlenders,39237521453
517,Kai Gehring,kai.gehring,3164479101
518,Karamba Diaby,drkarambadiaby,5766863168
519,Karl Bär,karl.baer,8327497734
526,Karlheinz Busen,karlheinz.busen,5665186677
527,Karsten Hilse,karstenhilse,4750799282
528,Karsten Klein,klein.karsten,6030361852
529,Kassem Taher Saleh,kassem.tahersaleh,1744650217
533,Katharina Willkomm,katharina.willkomm,8193830150
534,Kathrin Henneberger,kathrin.henneberger,10478498626
535,Katja Adler,katj_ad,1952937802
536,Katja Hessel,hesselkatja,4921551640
537,Katja Keul,katjakeul,48975501605
538,Katja Kipping,katja.kipping,5653588362
539,Katrin Budde,katrin_budde,34134916588
545,Katrin Staffler,katrinstaffler.mdb,4529351889
546,Katrin Zschau,katrin.zschau,44363187110
547,Kaweh Mansoori,kawehmansoori,9168223695
548,Kay Gottschalk,kay.gottschalk.mdb.111,8303609557
549,Kerstin Griese,kerstingriese,5703417422
550,Kerstin Vieregge,kerstinvieregge,1742100551
551,Kevin Kühnert,kuehnikev,4874333927
552,Kevin Leiser,kevinleiserhohenlohe,43884959834
553,Klaus Mack,_klausmack_,38254517950
554,Klaus Wiener,klauswienercdu,47886667405
555,Klaus Wiener,wienertklaus,10382156954
284,Klaus-Peter Willsch,klauspeterwillsch,5337537527
285,Knut Gerschau,knut.gerschau,4797107978
287,Konstantin Elias Kuhle,konstantin.kuhle,230868928
556,Konstantin Notz,konstantinnotz,49274397
288,Kordula Anna Paula Schulz-Asche,schulzasche,4532689944
557,Kristian Klinck,kristian_klinck_spd,47591760405
558,Kristine Lütke,kristine_lutke,219933269
560,Lamya Kaddor,lamyakaddor,8421097217
561,Lars Castellucci,larscastellucci,1828548671
562,Lars Klingbeil,larsklingbeil,21282900
563,Lars Lindemann,lflindemann,50117113849
564,Lars Rohwer,lars.rohwer.politik,48129305415
289,Laura Manuela Kraft,laura.kraft.gruene,29612074769
565,Lena Werner,thereallenzii,225125264
566,Leon Eckert,leckert_,1929307396
567,Lina Seitzl,lina_seitzl,501624001
568,Linda Heitmann,linda.altona,47149205712
569,Luise Amtsberg,amtsbergluise,4108991059
570,Luiza Licina-Bode,luizalicinabode,7477373673
571,Lukas Benner,benner_lukas,925215643
293,Lukas Otto Köhler,lukas__koehler_,1617592662
580,Mahmut Özdemir,drmahmutozdemir,11927993357
579,Mahmut Özdemir,ruscaders.online,4625043803
300,Maja Scarlett Wallstein,maja_wallstein,43023710710
581,Malte Kaufmann,malte.kaufmann,4168951075
582,Manuel Gava,manuelosna,6343402477
583,Manuel Höferlin,manuelhoeferlin,198820012
584,Marc Henrichmann,marc_henrichmann,272805177
585,Marcel Emmerich,herr_emmerich,39496418
586,Marco Buschmann,marcobuschmann,252138922
587,Marcus Faber,marcusfaberfdp,8044111945
588,Maria-Lena Weiss,marialenaweiss,3613905810
593,Marianne Schieder,marianneschieder,44232035969
594,Marie-Agnes Strack-Zimmermann,strackzimmermann,4131419620
595,Mario Brandenburg,mario.brandenburg,4201930374
596,Mario Czaja,mario_czaja,10857051384
598,Mark Helfrich,mark.helfrich.cdu,26285105508
599,Markus Grübel,markus.gruebel,10850869066
601,Markus Kurth,markuskurthmdb,32491758186
602,Markus Reichel,markus.reichel.cdu,45469466471
606,Marlene Edeltraud Schönberger,lime_green_leni,500328055
610,Marlon Bröhr,marlonbroehr,22028114903
611,Martin Diedenhofen,martindiedenhofen,4025541065
613,Martin Plum,martin.plum.cdu,48065931382
614,Martin Reichardt,martin.reichardt.afd,7377193511
615,Martin Rosemann,rosemannm,4087299859
616,Matthias Gastel,gastelmatthias,9900536627
617,Matthias Hauer,matthias.hauer.mdb,8723985455
618,Matthias Helferich,matthiashelferichafd,13275413417
619,Matthias Miersch,matthiasmiersch,22733844868
620,Max Lucks,max_lks,922489179
332,Maximilian Mordhorst,maximilianmordhorst,179870058
621,Maximilian Rick Mörseburg,0711max,206452944
622,Mechthild Heil,mechthild_heil,3209297739
333,Mechthilde Wittmann,mechthilde.wittmann,8534611905
623,Melanie Bernstein,mela.bernstein,54123477
334,Melanie Wegling,melanie.wegling,7792028616
624,Melis Sekmen,melis_sekmen,3875262222
335,Merle Spellerberg,merle_spellerberg,18372019851
625,Metin Hakverdi,metin.hakverdi,4465356373
336,Michael Alexander Theurer,michael_theurer,5573938361
626,Michael Breilmann,mbreilmann,5823390262
627,Michael Donth,michaeldonthmdb,18127394055
337,Michael Eckardt Thews,michaelthews,5768484208
629,Michael Frieser,michael_frieser,4212312912
630,Michael Georg Link,michael_g_link,49153416090
338,Michael Georg Schrodi,michaelschrodi,4754268831
631,Michael Gerdes,michaelgerdesmdb,47620833118
339,Michael Grosse-Brömer,michaelgrossebroemer,9268042345
340,Michael Heinz Kaufmann,michael_kaufmann_kfv,53048978400
636,Michael Hennrich,hennrichmichael.mdb,14023872662
341,Michael Karl Brand,mensch_brand,11786525718
638,Michael Kellner,mi.kellner,17678102370
639,Michael Kießling,michael.kiessling.mdb,4781944461
640,Michael Kruse,michael.kruse.75,1531675293
641,Michael Roth,michael.roth.mdb,8131775858
642,Michael Roth,michael.roth.art,59383369367
644,Misbah Khan,misbah.s.khan,2859934566
645,Monika Grütters,monikagruetters.cdu,57156206399
647,Muhanad Al-Halak,al_halak_m,2358492291
648,Nadine Ruf,ruf_nadine_ruf,4484052998
649,Nadine Ruf,officialhihat,330282382
651,Nadja Sthamer,nadja_sthamer,3589700902
652,Natalie Pawlik,natalie.pawlik,2219440142
653,Nico Tippelt,nicotippelt,2461627846
349,Nicolas Benjamin Zippelius,n_zippelius,3112669315
350,Nicole Anna Elisabeth Bauer,aestheticnursenicole,27380829486
654,Nicole Höchst,hoechstnicole,8375257769
659,Niels Annen,nielsannen,4196974054
660,Niklas Wagener,niklaswagener,7570938371
665,Nina Scheer,ninascheer_spd,44929456859
666,Nina Stahr,nina.stahr,25604897550
668,Norbert Kleinwächter,norbert.kleinwaechter,6323086460
670,Olaf Scholz,bundeskanzler,50513856245
669,Olaf Scholz,olafscholz,29734347
671,Oliver Kaczmarek,kaczmarekoliver,22430167
365,Oliver Klaus Grundmann,mdb.oliver.grundmann,48727924318
672,Oliver Krischer,oliver_krischer,5489120720
673,Oliver Luksic,olliluksic,3069325254
674,Oliver Vogt,olivervogt.de,13150127203
675,Omid Nouripour,nouripour,317118428
367,Ottilie Paola Klein,ottilie.klein,11182021752
368,Ottmar Wilhelm Holtz,owvonholtz,5518550895
676,Otto Fricke,otto_fricke,10881510208
677,Parsa Marvi,parsa.marvi,3237892266
369,Pascal Felix Ernst Kober,pascalkober,636050983
678,Pascal Meiser,pascal.meiser.36,9841082681
679,Patricia Lips,patricia.lips.mdb,47731082111
680,Patrick Schnieder,pschnieder,1432721043
683,Paul Ziemiak,paulziemiak,4922315017
371,Paula Louise Piechotta,paula.piechotta,6229136435
684,Peggy Schierenbeck,peggy.ist.da,41919263431
685,Peter Aumer,pete_aum,1417270425
686,Peter Beyer,peterbeyerbundestag,3694961988
687,Peter Felser,peter_felser,38552528656
688,Peter Heidt,advocatopeter,1138650019
689,Peter Ramsauer,dr._peter_ramsauer,9695544933
690,Petr Bystron,petr.bystron,7528766628
372,Petra Angelika Pau,petra.pau.direkt,11079550803
691,Petra Nicolaisen,nicolaisenpetra,12832694114
692,Petra Sitte,petra_sitte_mdb,3113830555
693,Philip Krämer,philip.kraemer,4847336781
696,Philipp Amthor,philipp.amthor,5370294456
375,Rainer Johannes Keller,rainer_h_keller_monaco,2052487557
374,Rainer Johannes Keller,rainerkeller1965,8054996456
712,Rainer Semet,rainersemet,35651015632
713,Ralf Stegner,stegner_smiles,13067878195
714,Ralph Brinkhaus,ralph_brinkhaus,5744318557
715,Ralph Edelhäußer,ralph_edelhaeusser,6123656421
376,Ralph Lenkert,ralph.lenkert,31609788115
717,Rasha Nasr,rasha_nasr,253480384
718,Rasha Nasr,rashamahmoudnasr,44425417033
719,Rebecca Schamber,rebecca.schamber.spd,46431575279
720,Reem Alabali-Radovan,reem.alabaliradovan,10869377976
377,Reinhard Arnold Houben,reinhardhouben,4626002170
721,Reinhard Brandl,reinhard.brandl,3669524284
722,Renata Alt,renataalt_mdb,5935145865
378,Renate Elly Künast,renatekuenast,40936538790
749,Ricarda Lang,ricardalang,1999401021
394,Rita Berta Schwarzelühr-Sutter,anastasiaabasovaofficial,469656506
399,Rita Berta Schwarzelühr-Sutter,rsutter14,53510733
398,Rita Berta Schwarzelühr-Sutter,alain.sutter.official,63797990114
395,Rita Berta Schwarzelühr-Sutter,scott_sutter,42584706
760,Robert Habeck,robert.habeck,1999890393
761,Robin Mesarosch,mesarosch,469432169
400,Robin Till Nils Johannes Wagener,robin_wagener,5613589264
762,Ruppert Fritz Johannes Stüwe,stueweru,2337372633
763,Sabine Grützmacher,sabine_gruetzmacher,7195292055
405,Sabine Katharina Weiss,sabine.weiss.kosmetik,48149919449
764,Sabine Poschmann,poschmannsabine,7114398833
766,Sahra Wagenknecht,bsw.bund,62483301242
765,Sahra Wagenknecht,sahra_wagenknecht,5730916706
406,Saliha Aydan Özoğuz,aydanoezoguz,4742614883
770,Sanae Abdi,sanae_ccaa,25852744758
409,Sandra Bubendorfer-Licht,bubendorfer,1658607875
771,Sandra Detzer,sandra_detzer,39725066852
772,Sandra Weeser,sandra_weeser,1967973481
773,Sara Nanni,saranannni,6708921350
774,Sascha Müller,sascha_mller,279989261
777,Sascha Müller,mietkoch.mueller,33948984526
413,Schahina Gambir,schahinag,1748098951
778,Sebastian Brehm,sebastianbrehmmdb,8717352537
779,Sebastian Fiedler,fiedelseb,45714585496
780,Sebastian Fiedler,zahnarztdrfiedler,11414534897
781,Sebastian Hartmann,sebastianhartmann.spd,2292640393
792,Sebastian Münzenmaier,sebastian.muenzenmaier.afd,9124939594
793,Sebastian Schäfer,sebastian_es_bt,45319426556
798,Sevim Dagdelen,sevim_dagdelen_,7139217038
426,Siemtje Victoria Regine Ilse Santjer Möller,_wobblybits_,3406360251
421,Siemtje Victoria Regine Ilse Santjer Möller,siemtje_moeller,6982812862
422,Siemtje Victoria Regine Ilse Santjer Möller,lexycadell,7473324013
423,Siemtje Victoria Regine Ilse Santjer Möller,leifmoeller,1529488276
424,Siemtje Victoria Regine Ilse Santjer Möller,kathrinemoellerkuhl,583870236
425,Siemtje Victoria Regine Ilse Santjer Möller,sternenhimmelliebe,44664550771
430,Siemtje Victoria Regine Ilse Santjer Möller,moller_joakim,2928273655
429,Siemtje Victoria Regine Ilse Santjer Möller,carolinemoller_,175340728
806,Silke Launert,silkelaunert,3065699636
807,Simona Koß,kosssimona,45860015959
808,Simone Borchardt,simone.borchardt,43805295173
809,Stefan Gelbhaar,stefangelbhaar,247359807
810,Stefan Heck,stefanheck82,47969339937
812,Stefan Kaufmann,die_kaufis,44679363997
811,Stefan Kaufmann,stuttgartstefan,2989287963
813,Stefan Müller,stefan_mueller_cycling,3293239674
814,Stefan Müller,stefanmuellermdb,1688638343
816,Stefan Nacke,stefan.nacke,21539143055
817,Stefan Rouenhoff,stefanrouenhoff,9385612188
818,Stefan Schmidt,stefan_schmidt_mdb,44568923013
819,Stefan Schmidt,der_steps,450871786
820,Stefan Schwartze,stefan_schwartze,6640286888
821,Stefan Seidler,stefan.seidler.ssw,8565913792
822,Stefan Zierke,stefan_zierke,3635150759
823,Steffen Kotré,steffenkotre,6259741940
825,Steffi Lemke,lemke.steffi,4927405993
826,Stephan Mayer,stephanmayercsu,52182024014
827,Stephan Protschka,stephan.protschka.mdb,7285005795
828,Stephan Seiter,stseiter,7490963514
829,Stephan Stracke,stephan_stracke_mdb,4505054144
830,Stephan Thomae,stephanthomae,963694375
831,Susanne Ferschl,susanneferschl,14655468834
832,Susanne Hierl,susanne.hierl,26334389008
439,Susanne Marianne Hennig-Wellsow,susanne_hennig_wellsow,1662647311
833,Susanne Mittag,susanne.mittag.mdb,44539093373
834,Sven Lehmann,_svenlehmann_,1947461317
440,Sven-Christian Kindler,svenchristiankindler,6216892384
835,Svenja Schulze,svenja.schulze.nrw,50527622489
836,Svenja Stadler,svenja.stadler,9757200719
837,Sylvia Lehmann,lehmannspd,7440379759
853,Sören Pellmann,soerenpellmann,3538067218
855,Takis Mehmet Ali,takis_ma2021,1178428231
856,Thomas Bareiß,thomasbareiss,2330128913
857,Thomas Dietz,dorpat2000,13074224048
858,Thomas Gebhart,thomas__gebhart,5879221973
859,Thomas Hacker,hacker_thomas,3223039020
861,Thomas Hacker,het.jpg,28844263132
863,Thomas Heilmann,thomas_heilmann,3022008922
864,Thomas Hitschler,thomashitschler,52515963
865,Thomas Jarzombek,thomas_jarzombek,388824864
458,Thomas Ludwig Walter Ehrhorn,thomas.ehrhorn,6498842257
459,Thomas Maximilian Erndl,thomaserndl,4129227588
460,Thomas Michael Konrad Seitz,mdbseitz,10724297903
461,Thomas Michael Sattelberger,th_sattelberger,5369772584
866,Thomas Röwekamp,thomas_roewekamp,48523104017
867,Thomas Silberhorn,thomas.silberhorn,39173871239
462,Thomas Walther Rachel,thomas_rachel_mdb,5716230660
868,Thorsten Frei,thorsten.frei,8462773148
870,Thorsten Rudolph,dr.thorsten.rudolph,18770114
465,Thorsten Willibald Lieb,thlieb,8308477883
466,Till Berthold Mansmann,tillmansmann,2232206188
467,Tilman Moritz Kuban,tilmankuban_,7373694187
871,Tim Klüssendorf,tim.kluessendorf,5567267928
873,Tim Wagner,rollsolow,3146254276
874,Timon Gremmels,gremmels,48836959
875,Tina Rudolph,tina.rudolph.spd,12969101511
876,Tina Winklmann,tina_winklmann,2163959852
877,Tino Chrupalla,chrupallatino,6436104528
878,Tino Sorge,tinosorge,277928490
879,Tobias Björn Bacherle,tbbacherle,3256493731
881,Tobias Lindner,tobias.lindner.mdb,3632847593
469,Tobias Matthias Peterka,tobiaspeterkamdb,27777355316
882,Tobias Winkler,tobiaswinklermdb,48180518229
883,Torsten Herbst,herbsttorsten,3906188934
884,Udo Schiefner,schiefnerudo,6107707521
885,Ulrich Lange,ulrich.lange.mdb,43636168480
886,Ulrich Lechte,ulrichlechte,10364697301
887,Ulrike Harzer,ulrike_harzer,5679388353
888,Uwe Schmidt,uweschmidt.mdb,45938368408
889,Uwe Schmidt,uwe_sport_fanatic84,14345275941
471,Uwe Wolfgang Werner Feiler,uwefeilermdb,7210373438
472,Valentin Christian Abel,valentin_christian_abel,1689567664
473,Verena Ute Hubertz,verenahubertz,176550533
474,Victor Angelo Perli,bundestagsperli,472459038
890,Volker Mayer-Lay,volkermayerlay,4370367422
475,Volker Michael Ullrich,volkerullrich,1811193870
478,Volker Münz,munzykabbara,1485190924
476,Volker Münz,mikemunzvil,190332538
477,Volker Münz,muhammad_munzir_almusawa,4838191213
480,Volker Redder,docredder,220200217
895,Volker Wissing,volkerwissing,2772238228
896,Volkmar Klein,volkmarklein,4419420298
481,Wiebke Esdar,wiebkeesdar,4742624126
482,Wiebke Papenbrock,wiebkepapenbrock,47492048350
897,Wilfried Oellers,wilfried.oellers,44329518763
483,Wolfgang Dieter Stefinger,wolfgangstefinger,2876688601
898,Wolfgang Hellmich,wolfganghellmichspd,6019000709
484,Wolfgang Schäuble,hairbysassycassy,6917939524
901,Yannick Bury,yannickbury,233734004
902,Ye-One Rhie,yeone_rhie,4844770032
903,Yvonne Magwas,yvonne_magwas,1585088042
487,Zaklin Jadwiga Nastić,astrologijanatasa,10480911492
908,Zanda Martens,zanda.martens,29598743742
909,Zoe Mayer,zoe.gruene,29834435565
